,mean_fit_time,std_fit_time,mean_score_time,std_score_time,param_batch_size,param_epochs,param_model__activation_function,param_model__dropout_rate,param_model__init,param_model__learning_rate,param_model__neuron1,param_model__neuron2,params,split0_test_score,split1_test_score,split2_test_score,mean_test_score,std_test_score,rank_test_score
0,5.04509973526001,0.19531227678814178,0.4933462142944336,0.02943072750194432,10,10,relu,0.0,glorot_uniform,0.001,8,4,"{'batch_size': 10, 'epochs': 10, 'model__activation_function': 'relu', 'model__dropout_rate': 0.0, 'model__init': 'glorot_uniform', 'model__learning_rate': 0.001, 'model__neuron1': 8, 'model__neuron2': 4}",0.7121951219512195,0.6829268292682927,0.7598039215686274,0.7183086242627131,0.031681256425243234,228
1,5.440702597300212,0.433157321701045,0.46465333302815753,0.02335115669388888,10,10,relu,0.0,glorot_uniform,0.001,8,8,"{'batch_size': 10, 'epochs': 10, 'model__activation_function': 'relu', 'model__dropout_rate': 0.0, 'model__init': 'glorot_uniform', 'model__learning_rate': 0.001, 'model__neuron1': 8, 'model__neuron2': 8}",0.7365853658536585,0.7073170731707317,0.7745098039215687,0.739470747648653,0.027507088026128616,185
2,4.871216615041097,0.24582617612254373,0.49071741104125977,0.033397454925275495,10,10,relu,0.0,glorot_uniform,0.001,16,4,"{'batch_size': 10, 'epochs': 10, 'model__activation_function': 'relu', 'model__dropout_rate': 0.0, 'model__init': 'glorot_uniform', 'model__learning_rate': 0.001, 'model__neuron1': 16, 'model__neuron2': 4}",0.7414634146341463,0.7609756097560976,0.7254901960784313,0.7426430734895585,0.01451085437939796,181
3,5.5434268315633135,0.6475054884998519,0.4745783011118571,0.018646951014888082,10,10,relu,0.0,glorot_uniform,0.001,16,8,"{'batch_size': 10, 'epochs': 10, 'model__activation_function': 'relu', 'model__dropout_rate': 0.0, 'model__init': 'glorot_uniform', 'model__learning_rate': 0.001, 'model__neuron1': 16, 'model__neuron2': 8}",0.751219512195122,0.7658536585365854,0.6715686274509803,0.7295472660608958,0.04143011353335666,208
4,5.541381041208903,0.6387890454960822,0.44722763697306317,0.018381966031411477,10,10,relu,0.0,glorot_uniform,0.01,8,4,"{'batch_size': 10, 'epochs': 10, 'model__activation_function': 'relu', 'model__dropout_rate': 0.0, 'model__init': 'glorot_uniform', 'model__learning_rate': 0.01, 'model__neuron1': 8, 'model__neuron2': 4}",0.7414634146341463,0.7414634146341463,0.7598039215686274,0.74757691694564,0.008645797882513647,160
5,5.555520296096802,0.3791195088238311,0.44985349973042804,0.027342494438395377,10,10,relu,0.0,glorot_uniform,0.01,8,8,"{'batch_size': 10, 'epochs': 10, 'model__activation_function': 'relu', 'model__dropout_rate': 0.0, 'model__init': 'glorot_uniform', 'model__learning_rate': 0.01, 'model__neuron1': 8, 'model__neuron2': 8}",0.751219512195122,0.7804878048780488,0.75,0.760569105691057,0.01409344375882905,84
6,5.948317527770996,0.7162237414969873,0.46976351737976074,0.036287409518158044,10,10,relu,0.0,glorot_uniform,0.01,16,4,"{'batch_size': 10, 'epochs': 10, 'model__activation_function': 'relu', 'model__dropout_rate': 0.0, 'model__init': 'glorot_uniform', 'model__learning_rate': 0.01, 'model__neuron1': 16, 'model__neuron2': 4}",0.7804878048780488,0.751219512195122,0.7647058823529411,0.7654710664753707,0.011960974575657316,45
7,5.9495251178741455,0.8754633991296519,0.4708399772644043,0.037733501739972045,10,10,relu,0.0,glorot_uniform,0.01,16,8,"{'batch_size': 10, 'epochs': 10, 'model__activation_function': 'relu', 'model__dropout_rate': 0.0, 'model__init': 'glorot_uniform', 'model__learning_rate': 0.01, 'model__neuron1': 16, 'model__neuron2': 8}",0.7414634146341463,0.7609756097560976,0.75,0.7508130081300813,0.00798653768471078,148
8,5.30094035466512,0.35535646603690135,0.43903334935506183,0.014118830099471723,10,10,relu,0.0,he_uniform,0.001,8,4,"{'batch_size': 10, 'epochs': 10, 'model__activation_function': 'relu', 'model__dropout_rate': 0.0, 'model__init': 'he_uniform', 'model__learning_rate': 0.001, 'model__neuron1': 8, 'model__neuron2': 4}",0.7024390243902439,0.6390243902439025,0.6911764705882353,0.6775466284074604,0.027624667773365193,249
9,4.883440732955933,0.29120572154373353,0.4749538103739421,0.04510305414769175,10,10,relu,0.0,he_uniform,0.001,8,8,"{'batch_size': 10, 'epochs': 10, 'model__activation_function': 'relu', 'model__dropout_rate': 0.0, 'model__init': 'he_uniform', 'model__learning_rate': 0.001, 'model__neuron1': 8, 'model__neuron2': 8}",0.7658536585365854,0.6390243902439025,0.696078431372549,0.7003188267176789,0.0518645771114646,242
10,5.1855519612630205,0.34202200255864257,0.4211532274881999,0.012753273122611724,10,10,relu,0.0,he_uniform,0.001,16,4,"{'batch_size': 10, 'epochs': 10, 'model__activation_function': 'relu', 'model__dropout_rate': 0.0, 'model__init': 'he_uniform', 'model__learning_rate': 0.001, 'model__neuron1': 16, 'model__neuron2': 4}",0.7658536585365854,0.7365853658536585,0.7303921568627451,0.7442770604176631,0.015465039049210252,175
11,4.721800009409587,0.13180826487216077,0.43167853355407715,0.015768009344123753,10,10,relu,0.0,he_uniform,0.001,16,8,"{'batch_size': 10, 'epochs': 10, 'model__activation_function': 'relu', 'model__dropout_rate': 0.0, 'model__init': 'he_uniform', 'model__learning_rate': 0.001, 'model__neuron1': 16, 'model__neuron2': 8}",0.7219512195121951,0.7073170731707317,0.75,0.7264227642276423,0.017709773098204866,211
12,4.829694986343384,0.07070757090225757,0.4038068453470866,0.029256440933077558,10,10,relu,0.0,he_uniform,0.01,8,4,"{'batch_size': 10, 'epochs': 10, 'model__activation_function': 'relu', 'model__dropout_rate': 0.0, 'model__init': 'he_uniform', 'model__learning_rate': 0.01, 'model__neuron1': 8, 'model__neuron2': 4}",0.7804878048780488,0.7707317073170732,0.7745098039215687,0.7752431053722302,0.00401652073051419,4
13,4.746542692184448,0.1492954120101348,0.44165269533793133,0.012563963842085822,10,10,relu,0.0,he_uniform,0.01,8,8,"{'batch_size': 10, 'epochs': 10, 'model__activation_function': 'relu', 'model__dropout_rate': 0.0, 'model__init': 'he_uniform', 'model__learning_rate': 0.01, 'model__neuron1': 8, 'model__neuron2': 8}",0.7268292682926829,0.7365853658536585,0.7254901960784313,0.7296349434082576,0.004945001363390101,206
14,4.899695158004761,0.06403217485667431,0.4336849848429362,0.041662593858872,10,10,relu,0.0,he_uniform,0.01,16,4,"{'batch_size': 10, 'epochs': 10, 'model__activation_function': 'relu', 'model__dropout_rate': 0.0, 'model__init': 'he_uniform', 'model__learning_rate': 0.01, 'model__neuron1': 16, 'model__neuron2': 4}",0.7609756097560976,0.7609756097560976,0.75,0.7573170731707317,0.005173952057462548,111
15,5.049859285354614,0.04792022736987155,0.44766982396443683,0.025847579135241574,10,10,relu,0.0,he_uniform,0.01,16,8,"{'batch_size': 10, 'epochs': 10, 'model__activation_function': 'relu', 'model__dropout_rate': 0.0, 'model__init': 'he_uniform', 'model__learning_rate': 0.01, 'model__neuron1': 16, 'model__neuron2': 8}",0.7560975609756098,0.751219512195122,0.7598039215686274,0.755706998246453,0.0035154350614622245,121
16,5.348037640253703,0.05986821446022518,0.41052905718485516,0.01844831453911848,10,10,relu,0.2,glorot_uniform,0.001,8,4,"{'batch_size': 10, 'epochs': 10, 'model__activation_function': 'relu', 'model__dropout_rate': 0.2, 'model__init': 'glorot_uniform', 'model__learning_rate': 0.001, 'model__neuron1': 8, 'model__neuron2': 4}",0.7658536585365854,0.6926829268292682,0.7401960784313726,0.7329108879324088,0.030312753037851813,197
17,5.319191932678223,0.19733351865754342,0.43186386426289874,0.031974537585409676,10,10,relu,0.2,glorot_uniform,0.001,8,8,"{'batch_size': 10, 'epochs': 10, 'model__activation_function': 'relu', 'model__dropout_rate': 0.2, 'model__init': 'glorot_uniform', 'model__learning_rate': 0.001, 'model__neuron1': 8, 'model__neuron2': 8}",0.7951219512195122,0.6780487804878049,0.7058823529411765,0.7263510282161646,0.04993834082765501,212
18,5.471375068028768,0.060313056720064054,0.4509728749593099,0.04959123933335386,10,10,relu,0.2,glorot_uniform,0.001,16,4,"{'batch_size': 10, 'epochs': 10, 'model__activation_function': 'relu', 'model__dropout_rate': 0.2, 'model__init': 'glorot_uniform', 'model__learning_rate': 0.001, 'model__neuron1': 16, 'model__neuron2': 4}",0.7951219512195122,0.6780487804878049,0.7058823529411765,0.7263510282161646,0.04993834082765501,212
19,5.688281536102295,0.1612365669385787,0.49099938074747723,0.014746780008898104,10,10,relu,0.2,glorot_uniform,0.001,16,8,"{'batch_size': 10, 'epochs': 10, 'model__activation_function': 'relu', 'model__dropout_rate': 0.2, 'model__init': 'glorot_uniform', 'model__learning_rate': 0.001, 'model__neuron1': 16, 'model__neuron2': 8}",0.7658536585365854,0.7170731707317073,0.7058823529411765,0.7296030607364897,0.026036999076358498,207
20,5.810939311981201,0.07745028206104651,0.46607081095377606,0.029064795447552808,10,10,relu,0.2,glorot_uniform,0.01,8,4,"{'batch_size': 10, 'epochs': 10, 'model__activation_function': 'relu', 'model__dropout_rate': 0.2, 'model__init': 'glorot_uniform', 'model__learning_rate': 0.01, 'model__neuron1': 8, 'model__neuron2': 4}",0.7121951219512195,0.7317073170731707,0.7647058823529411,0.7362027737924438,0.02167182253261744,191
21,5.368055661519368,0.25182633689528067,0.451268990834554,0.05755176768991223,10,10,relu,0.2,glorot_uniform,0.01,8,8,"{'batch_size': 10, 'epochs': 10, 'model__activation_function': 'relu', 'model__dropout_rate': 0.2, 'model__init': 'glorot_uniform', 'model__learning_rate': 0.01, 'model__neuron1': 8, 'model__neuron2': 8}",0.7707317073170732,0.7463414634146341,0.7549019607843137,0.7573250438386737,0.010103613149804748,109
22,5.233283360799153,0.116878992187694,0.4038403034210205,0.013395248045613794,10,10,relu,0.2,glorot_uniform,0.01,16,4,"{'batch_size': 10, 'epochs': 10, 'model__activation_function': 'relu', 'model__dropout_rate': 0.2, 'model__init': 'glorot_uniform', 'model__learning_rate': 0.01, 'model__neuron1': 16, 'model__neuron2': 4}",0.7853658536585366,0.7463414634146341,0.7598039215686274,0.7638370795472661,0.016184880412236397,59
23,5.199586868286133,0.17657763983192712,0.4393760363260905,0.05134521174218393,10,10,relu,0.2,glorot_uniform,0.01,16,8,"{'batch_size': 10, 'epochs': 10, 'model__activation_function': 'relu', 'model__dropout_rate': 0.2, 'model__init': 'glorot_uniform', 'model__learning_rate': 0.01, 'model__neuron1': 16, 'model__neuron2': 8}",0.7658536585365854,0.7365853658536585,0.75,0.7508130081300813,0.011962552007774126,148
24,5.22367795308431,0.17611922012483394,0.3978031476338704,0.0631662326603488,10,10,relu,0.2,he_uniform,0.001,8,4,"{'batch_size': 10, 'epochs': 10, 'model__activation_function': 'relu', 'model__dropout_rate': 0.2, 'model__init': 'he_uniform', 'model__learning_rate': 0.001, 'model__neuron1': 8, 'model__neuron2': 4}",0.6682926829268293,0.6780487804878049,0.75,0.6987804878048781,0.03643600949641715,243
25,5.071699698766072,0.22510877396707732,0.43299516042073566,0.0475136238310799,10,10,relu,0.2,he_uniform,0.001,8,8,"{'batch_size': 10, 'epochs': 10, 'model__activation_function': 'relu', 'model__dropout_rate': 0.2, 'model__init': 'he_uniform', 'model__learning_rate': 0.001, 'model__neuron1': 8, 'model__neuron2': 8}",0.624390243902439,0.6780487804878049,0.6911764705882353,0.6645384983261597,0.028890549917427927,252
26,5.371608734130859,0.19945851169235546,0.41767581303914386,0.021226201550740023,10,10,relu,0.2,he_uniform,0.001,16,4,"{'batch_size': 10, 'epochs': 10, 'model__activation_function': 'relu', 'model__dropout_rate': 0.2, 'model__init': 'he_uniform', 'model__learning_rate': 0.001, 'model__neuron1': 16, 'model__neuron2': 4}",0.7219512195121951,0.7317073170731707,0.6568627450980392,0.7035070938944683,0.03322214939752317,240
27,5.5511384805043535,0.14762922225602082,0.4671303431193034,0.06166670294258256,10,10,relu,0.2,he_uniform,0.001,16,8,"{'batch_size': 10, 'epochs': 10, 'model__activation_function': 'relu', 'model__dropout_rate': 0.2, 'model__init': 'he_uniform', 'model__learning_rate': 0.001, 'model__neuron1': 16, 'model__neuron2': 8}",0.7365853658536585,0.7463414634146341,0.7107843137254902,0.7312370476645943,0.015000691186134353,203
28,5.6437796751658125,0.1601861978504579,0.4305516878763835,0.03546573034744527,10,10,relu,0.2,he_uniform,0.01,8,4,"{'batch_size': 10, 'epochs': 10, 'model__activation_function': 'relu', 'model__dropout_rate': 0.2, 'model__init': 'he_uniform', 'model__learning_rate': 0.01, 'model__neuron1': 8, 'model__neuron2': 4}",0.7804878048780488,0.7268292682926829,0.7696078431372549,0.7589749721026622,0.023160355451352258,92
29,5.624988079071045,0.12782898064207343,0.7554484208424886,0.1642868596562895,10,10,relu,0.2,he_uniform,0.01,8,8,"{'batch_size': 10, 'epochs': 10, 'model__activation_function': 'relu', 'model__dropout_rate': 0.2, 'model__init': 'he_uniform', 'model__learning_rate': 0.01, 'model__neuron1': 8, 'model__neuron2': 8}",0.8,0.7268292682926829,0.7941176470588235,0.7736489717838354,0.03319351337516338,7
30,5.616255760192871,0.08884983916530252,0.48524292310078937,0.022952984366360403,10,10,relu,0.2,he_uniform,0.01,16,4,"{'batch_size': 10, 'epochs': 10, 'model__activation_function': 'relu', 'model__dropout_rate': 0.2, 'model__init': 'he_uniform', 'model__learning_rate': 0.01, 'model__neuron1': 16, 'model__neuron2': 4}",0.7853658536585366,0.7609756097560976,0.7549019607843137,0.7670811413996493,0.013164860544921364,37
31,5.378879865010579,0.023506255794086106,0.497428019841512,0.02178428681138652,10,10,relu,0.2,he_uniform,0.01,16,8,"{'batch_size': 10, 'epochs': 10, 'model__activation_function': 'relu', 'model__dropout_rate': 0.2, 'model__init': 'he_uniform', 'model__learning_rate': 0.01, 'model__neuron1': 16, 'model__neuron2': 8}",0.7658536585365854,0.7268292682926829,0.7598039215686274,0.7508289494659652,0.01714911759945238,147
32,5.092779239018758,0.0038644573990700187,0.39280009269714355,0.017792115699835454,10,10,tanh,0.0,glorot_uniform,0.001,8,4,"{'batch_size': 10, 'epochs': 10, 'model__activation_function': 'tanh', 'model__dropout_rate': 0.0, 'model__init': 'glorot_uniform', 'model__learning_rate': 0.001, 'model__neuron1': 8, 'model__neuron2': 4}",0.7853658536585366,0.7414634146341463,0.7696078431372549,0.7654790371433126,0.01815931932047174,43
33,5.0929343700408936,0.06438848387746396,0.40047216415405273,0.024615959656873812,10,10,tanh,0.0,glorot_uniform,0.001,8,8,"{'batch_size': 10, 'epochs': 10, 'model__activation_function': 'tanh', 'model__dropout_rate': 0.0, 'model__init': 'glorot_uniform', 'model__learning_rate': 0.001, 'model__neuron1': 8, 'model__neuron2': 8}",0.7707317073170732,0.7414634146341463,0.7745098039215687,0.7622349752909293,0.014768475492910304,68
34,5.091777165730794,0.16199757881213764,0.38121334711710614,0.016972285786980557,10,10,tanh,0.0,glorot_uniform,0.001,16,4,"{'batch_size': 10, 'epochs': 10, 'model__activation_function': 'tanh', 'model__dropout_rate': 0.0, 'model__init': 'glorot_uniform', 'model__learning_rate': 0.001, 'model__neuron1': 16, 'model__neuron2': 4}",0.7658536585365854,0.751219512195122,0.7696078431372549,0.7622270046229874,0.00793293315514982,70
35,5.211053927739461,0.28986601807622037,0.4155786832173665,0.03271404921929454,10,10,tanh,0.0,glorot_uniform,0.001,16,8,"{'batch_size': 10, 'epochs': 10, 'model__activation_function': 'tanh', 'model__dropout_rate': 0.0, 'model__init': 'glorot_uniform', 'model__learning_rate': 0.001, 'model__neuron1': 16, 'model__neuron2': 8}",0.7609756097560976,0.7463414634146341,0.7892156862745098,0.7655109198150805,0.017794690677425937,40
36,5.433142185211182,0.18387642148006628,0.45229101181030273,0.016715127230304452,10,10,tanh,0.0,glorot_uniform,0.01,8,4,"{'batch_size': 10, 'epochs': 10, 'model__activation_function': 'tanh', 'model__dropout_rate': 0.0, 'model__init': 'glorot_uniform', 'model__learning_rate': 0.01, 'model__neuron1': 8, 'model__neuron2': 4}",0.7609756097560976,0.7317073170731707,0.7696078431372549,0.7540969233221744,0.01621932415928113,125
37,5.584735472997029,0.100557824245675,0.44154779116312665,0.03178585253187207,10,10,tanh,0.0,glorot_uniform,0.01,8,8,"{'batch_size': 10, 'epochs': 10, 'model__activation_function': 'tanh', 'model__dropout_rate': 0.0, 'model__init': 'glorot_uniform', 'model__learning_rate': 0.01, 'model__neuron1': 8, 'model__neuron2': 8}",0.751219512195122,0.7219512195121951,0.7647058823529411,0.7459588713534194,0.017846494617627464,165
38,5.578144629796346,0.09851018823103072,0.41735633214314777,0.01793239848752868,10,10,tanh,0.0,glorot_uniform,0.01,16,4,"{'batch_size': 10, 'epochs': 10, 'model__activation_function': 'tanh', 'model__dropout_rate': 0.0, 'model__init': 'glorot_uniform', 'model__learning_rate': 0.01, 'model__neuron1': 16, 'model__neuron2': 4}",0.7414634146341463,0.7317073170731707,0.7598039215686274,0.7443248844253149,0.011647483363881854,172
39,5.389679670333862,0.23926008160925571,0.4617334206899007,0.029172265633424697,10,10,tanh,0.0,glorot_uniform,0.01,16,8,"{'batch_size': 10, 'epochs': 10, 'model__activation_function': 'tanh', 'model__dropout_rate': 0.0, 'model__init': 'glorot_uniform', 'model__learning_rate': 0.01, 'model__neuron1': 16, 'model__neuron2': 8}",0.7707317073170732,0.7268292682926829,0.7696078431372549,0.7557229395823369,0.020436062049224095,117
40,5.063685894012451,0.20789613631746126,0.4595623016357422,0.011124668831094644,10,10,tanh,0.0,he_uniform,0.001,8,4,"{'batch_size': 10, 'epochs': 10, 'model__activation_function': 'tanh', 'model__dropout_rate': 0.0, 'model__init': 'he_uniform', 'model__learning_rate': 0.001, 'model__neuron1': 8, 'model__neuron2': 4}",0.7365853658536585,0.7170731707317073,0.75,0.7345528455284552,0.0135189342669235,195
41,4.918353796005249,0.06309603530027924,0.3981388409932454,0.03383324584885722,10,10,tanh,0.0,he_uniform,0.001,8,8,"{'batch_size': 10, 'epochs': 10, 'model__activation_function': 'tanh', 'model__dropout_rate': 0.0, 'model__init': 'he_uniform', 'model__learning_rate': 0.001, 'model__neuron1': 8, 'model__neuron2': 8}",0.7609756097560976,0.7365853658536585,0.75,0.7491869918699187,0.009973857029581552,156
42,5.058411041895549,0.19958497191754918,0.4046221574147542,0.022580797654343256,10,10,tanh,0.0,he_uniform,0.001,16,4,"{'batch_size': 10, 'epochs': 10, 'model__activation_function': 'tanh', 'model__dropout_rate': 0.0, 'model__init': 'he_uniform', 'model__learning_rate': 0.001, 'model__neuron1': 16, 'model__neuron2': 4}",0.7707317073170732,0.7365853658536585,0.7549019607843137,0.7540730113183485,0.01395250340134632,130
43,4.8744997183481855,0.14753946003082163,0.43564899762471515,0.02434077038313811,10,10,tanh,0.0,he_uniform,0.001,16,8,"{'batch_size': 10, 'epochs': 10, 'model__activation_function': 'tanh', 'model__dropout_rate': 0.0, 'model__init': 'he_uniform', 'model__learning_rate': 0.001, 'model__neuron1': 16, 'model__neuron2': 8}",0.775609756097561,0.7268292682926829,0.7647058823529411,0.755714968914395,0.020904726594162655,118
44,4.946512619654338,0.21790815277136236,0.4349942207336426,0.03920301104801123,10,10,tanh,0.0,he_uniform,0.01,8,4,"{'batch_size': 10, 'epochs': 10, 'model__activation_function': 'tanh', 'model__dropout_rate': 0.0, 'model__init': 'he_uniform', 'model__learning_rate': 0.01, 'model__neuron1': 8, 'model__neuron2': 4}",0.7658536585365854,0.7414634146341463,0.7990196078431373,0.7687788936712897,0.023588084486630898,16
45,4.9237557252248125,0.13573030066157601,0.40599457422892254,0.017537980809470385,10,10,tanh,0.0,he_uniform,0.01,8,8,"{'batch_size': 10, 'epochs': 10, 'model__activation_function': 'tanh', 'model__dropout_rate': 0.0, 'model__init': 'he_uniform', 'model__learning_rate': 0.01, 'model__neuron1': 8, 'model__neuron2': 8}",0.7365853658536585,0.7365853658536585,0.75,0.7410569105691057,0.0063237191813431135,183
46,5.223923524220784,0.12597885567331019,0.39820337295532227,0.017370471452201677,10,10,tanh,0.0,he_uniform,0.01,16,4,"{'batch_size': 10, 'epochs': 10, 'model__activation_function': 'tanh', 'model__dropout_rate': 0.0, 'model__init': 'he_uniform', 'model__learning_rate': 0.01, 'model__neuron1': 16, 'model__neuron2': 4}",0.7804878048780488,0.7365853658536585,0.7745098039215687,0.763860991551092,0.019440575124359347,54
47,5.171436945597331,0.11485947909678537,0.4584199587504069,0.04301371326449453,10,10,tanh,0.0,he_uniform,0.01,16,8,"{'batch_size': 10, 'epochs': 10, 'model__activation_function': 'tanh', 'model__dropout_rate': 0.0, 'model__init': 'he_uniform', 'model__learning_rate': 0.01, 'model__neuron1': 16, 'model__neuron2': 8}",0.7707317073170732,0.7170731707317073,0.7549019607843137,0.7475689462776981,0.02251132253535895,161
48,6.452688614527385,0.4119129617400764,0.602069616317749,0.015937381618853042,10,10,tanh,0.2,glorot_uniform,0.001,8,4,"{'batch_size': 10, 'epochs': 10, 'model__activation_function': 'tanh', 'model__dropout_rate': 0.2, 'model__init': 'glorot_uniform', 'model__learning_rate': 0.001, 'model__neuron1': 8, 'model__neuron2': 4}",0.7219512195121951,0.7317073170731707,0.7205882352941176,0.7247489239598278,0.004951690454416919,217
49,6.004714250564575,0.1591995969032254,0.5880815982818604,0.07757127914094314,10,10,tanh,0.2,glorot_uniform,0.001,8,8,"{'batch_size': 10, 'epochs': 10, 'model__activation_function': 'tanh', 'model__dropout_rate': 0.2, 'model__init': 'glorot_uniform', 'model__learning_rate': 0.001, 'model__neuron1': 8, 'model__neuron2': 8}",0.751219512195122,0.751219512195122,0.7696078431372549,0.7573489558424996,0.008668342335923103,105
50,6.182626644770305,0.1547502149973839,0.4729278087615967,0.014518745060839298,10,10,tanh,0.2,glorot_uniform,0.001,16,4,"{'batch_size': 10, 'epochs': 10, 'model__activation_function': 'tanh', 'model__dropout_rate': 0.2, 'model__init': 'glorot_uniform', 'model__learning_rate': 0.001, 'model__neuron1': 16, 'model__neuron2': 4}",0.775609756097561,0.7365853658536585,0.7549019607843137,0.755699027578511,0.015941606884353633,123
51,6.044738531112671,0.20885859215351693,0.4829043547312419,0.04963160594809503,10,10,tanh,0.2,glorot_uniform,0.001,16,8,"{'batch_size': 10, 'epochs': 10, 'model__activation_function': 'tanh', 'model__dropout_rate': 0.2, 'model__init': 'glorot_uniform', 'model__learning_rate': 0.001, 'model__neuron1': 16, 'model__neuron2': 8}",0.7463414634146341,0.7317073170731707,0.7598039215686274,0.7459509006854774,0.011473714901971495,166
52,6.06039039293925,0.09772265280085675,0.501991351445516,0.025969062208337175,10,10,tanh,0.2,glorot_uniform,0.01,8,4,"{'batch_size': 10, 'epochs': 10, 'model__activation_function': 'tanh', 'model__dropout_rate': 0.2, 'model__init': 'glorot_uniform', 'model__learning_rate': 0.01, 'model__neuron1': 8, 'model__neuron2': 4}",0.7609756097560976,0.7268292682926829,0.7794117647058824,0.755738880918221,0.021783743616928655,115
53,6.364195267359416,0.4533298646589656,0.4290606180826823,0.013398348160123122,10,10,tanh,0.2,glorot_uniform,0.01,8,8,"{'batch_size': 10, 'epochs': 10, 'model__activation_function': 'tanh', 'model__dropout_rate': 0.2, 'model__init': 'glorot_uniform', 'model__learning_rate': 0.01, 'model__neuron1': 8, 'model__neuron2': 8}",0.775609756097561,0.7365853658536585,0.7696078431372549,0.7606009883628247,0.017157473263330544,79
54,6.367895841598511,0.08257849289157679,0.4441219965616862,0.01563278138264681,10,10,tanh,0.2,glorot_uniform,0.01,16,4,"{'batch_size': 10, 'epochs': 10, 'model__activation_function': 'tanh', 'model__dropout_rate': 0.2, 'model__init': 'glorot_uniform', 'model__learning_rate': 0.01, 'model__neuron1': 16, 'model__neuron2': 4}",0.7804878048780488,0.7365853658536585,0.7843137254901961,0.7671289654073011,0.02165399150892003,28
55,6.186660448710124,0.26968845504275074,0.4721100330352783,0.04488331620832141,10,10,tanh,0.2,glorot_uniform,0.01,16,8,"{'batch_size': 10, 'epochs': 10, 'model__activation_function': 'tanh', 'model__dropout_rate': 0.2, 'model__init': 'glorot_uniform', 'model__learning_rate': 0.01, 'model__neuron1': 16, 'model__neuron2': 8}",0.7658536585365854,0.7317073170731707,0.7745098039215687,0.7573569265104415,0.018478078208964136,100
56,6.232009649276733,0.043192396679638555,0.46853113174438477,0.04034966387970784,10,10,tanh,0.2,he_uniform,0.001,8,4,"{'batch_size': 10, 'epochs': 10, 'model__activation_function': 'tanh', 'model__dropout_rate': 0.2, 'model__init': 'he_uniform', 'model__learning_rate': 0.001, 'model__neuron1': 8, 'model__neuron2': 4}",0.7560975609756098,0.7317073170731707,0.7254901960784313,0.7377650247090707,0.013209202924193603,188
57,6.532514413197835,0.15652835775076035,0.46336547533671063,0.030673138413750585,10,10,tanh,0.2,he_uniform,0.001,8,8,"{'batch_size': 10, 'epochs': 10, 'model__activation_function': 'tanh', 'model__dropout_rate': 0.2, 'model__init': 'he_uniform', 'model__learning_rate': 0.001, 'model__neuron1': 8, 'model__neuron2': 8}",0.7414634146341463,0.7463414634146341,0.7254901960784313,0.7377650247090707,0.008905144708158898,188
58,6.5594431559244795,0.34341075039681457,0.5496618747711182,0.12052494813586985,10,10,tanh,0.2,he_uniform,0.001,16,4,"{'batch_size': 10, 'epochs': 10, 'model__activation_function': 'tanh', 'model__dropout_rate': 0.2, 'model__init': 'he_uniform', 'model__learning_rate': 0.001, 'model__neuron1': 16, 'model__neuron2': 4}",0.7658536585365854,0.7365853658536585,0.7696078431372549,0.7573489558424996,0.014761853483952089,105
59,5.8479907512664795,0.2174790898121564,0.6979083220163981,0.04185303345321212,10,10,tanh,0.2,he_uniform,0.001,16,8,"{'batch_size': 10, 'epochs': 10, 'model__activation_function': 'tanh', 'model__dropout_rate': 0.2, 'model__init': 'he_uniform', 'model__learning_rate': 0.001, 'model__neuron1': 16, 'model__neuron2': 8}",0.7463414634146341,0.751219512195122,0.7450980392156863,0.7475530049418141,0.002641840584838714,163
60,6.149048407872518,0.4616577020932805,0.6618133385976156,0.1940761068239503,10,10,tanh,0.2,he_uniform,0.01,8,4,"{'batch_size': 10, 'epochs': 10, 'model__activation_function': 'tanh', 'model__dropout_rate': 0.2, 'model__init': 'he_uniform', 'model__learning_rate': 0.01, 'model__neuron1': 8, 'model__neuron2': 4}",0.7609756097560976,0.7365853658536585,0.7745098039215687,0.7573569265104415,0.015692607644280182,100
61,6.161237478256226,0.19051056100227154,0.5136534372965494,0.014397838489245245,10,10,tanh,0.2,he_uniform,0.01,8,8,"{'batch_size': 10, 'epochs': 10, 'model__activation_function': 'tanh', 'model__dropout_rate': 0.2, 'model__init': 'he_uniform', 'model__learning_rate': 0.01, 'model__neuron1': 8, 'model__neuron2': 8}",0.7560975609756098,0.751219512195122,0.7892156862745098,0.7655109198150805,0.016879688082589425,40
62,6.267936944961548,0.1664100100274836,0.6444251537322998,0.14264876613636324,10,10,tanh,0.2,he_uniform,0.01,16,4,"{'batch_size': 10, 'epochs': 10, 'model__activation_function': 'tanh', 'model__dropout_rate': 0.2, 'model__init': 'he_uniform', 'model__learning_rate': 0.01, 'model__neuron1': 16, 'model__neuron2': 4}",0.7658536585365854,0.7365853658536585,0.7647058823529411,0.755714968914395,0.013534785615539913,118
63,6.090686480204265,0.1711923810248978,0.686117966969808,0.1381574832591216,10,10,tanh,0.2,he_uniform,0.01,16,8,"{'batch_size': 10, 'epochs': 10, 'model__activation_function': 'tanh', 'model__dropout_rate': 0.2, 'model__init': 'he_uniform', 'model__learning_rate': 0.01, 'model__neuron1': 16, 'model__neuron2': 8}",0.7463414634146341,0.7219512195121951,0.7892156862745098,0.7525027897337796,0.02780405940041706,134
64,21.10984738667806,0.3705174317950446,0.5989047686258951,0.03180709189326329,10,50,relu,0.0,glorot_uniform,0.001,8,4,"{'batch_size': 10, 'epochs': 50, 'model__activation_function': 'relu', 'model__dropout_rate': 0.0, 'model__init': 'glorot_uniform', 'model__learning_rate': 0.001, 'model__neuron1': 8, 'model__neuron2': 4}",0.7804878048780488,0.7560975609756098,0.75,0.7621951219512195,0.013172237191885906,76
65,21.62007172902425,0.20237834835629745,0.5918873151143392,0.039117014186794564,10,50,relu,0.0,glorot_uniform,0.001,8,8,"{'batch_size': 10, 'epochs': 50, 'model__activation_function': 'relu', 'model__dropout_rate': 0.0, 'model__init': 'glorot_uniform', 'model__learning_rate': 0.001, 'model__neuron1': 8, 'model__neuron2': 8}",0.7560975609756098,0.7609756097560976,0.7549019607843137,0.7573250438386737,0.002627081852861268,109
66,21.38576364517212,0.5945079201028712,0.5846755504608154,0.05224913129104445,10,50,relu,0.0,glorot_uniform,0.001,16,4,"{'batch_size': 10, 'epochs': 50, 'model__activation_function': 'relu', 'model__dropout_rate': 0.0, 'model__init': 'glorot_uniform', 'model__learning_rate': 0.001, 'model__neuron1': 16, 'model__neuron2': 4}",0.7853658536585366,0.751219512195122,0.7696078431372549,0.7687310696636378,0.01395396497122011,24
67,21.07576608657837,0.30589987266382007,0.5552430152893066,0.06642538629743554,10,50,relu,0.0,glorot_uniform,0.001,16,8,"{'batch_size': 10, 'epochs': 50, 'model__activation_function': 'relu', 'model__dropout_rate': 0.0, 'model__init': 'glorot_uniform', 'model__learning_rate': 0.001, 'model__neuron1': 16, 'model__neuron2': 8}",0.751219512195122,0.7170731707317073,0.7254901960784313,0.7312609596684202,0.014525137822471395,202
68,21.662285963694256,0.8084288816850017,0.6643576622009277,0.16749929915006476,10,50,relu,0.0,glorot_uniform,0.01,8,4,"{'batch_size': 10, 'epochs': 50, 'model__activation_function': 'relu', 'model__dropout_rate': 0.0, 'model__init': 'glorot_uniform', 'model__learning_rate': 0.01, 'model__neuron1': 8, 'model__neuron2': 4}",0.7804878048780488,0.7560975609756098,0.7598039215686274,0.7654630958074287,0.010731284148194941,47
69,21.687509934107464,0.17484027324719767,0.5808736483256022,0.023035939106974806,10,50,relu,0.0,glorot_uniform,0.01,8,8,"{'batch_size': 10, 'epochs': 50, 'model__activation_function': 'relu', 'model__dropout_rate': 0.0, 'model__init': 'glorot_uniform', 'model__learning_rate': 0.01, 'model__neuron1': 8, 'model__neuron2': 8}",0.697560975609756,0.751219512195122,0.7156862745098039,0.7214889207715607,0.02228695679614831,223
70,21.822776873906452,0.5285668136039462,0.5819118817647299,0.010493549374914464,10,50,relu,0.0,glorot_uniform,0.01,16,4,"{'batch_size': 10, 'epochs': 50, 'model__activation_function': 'relu', 'model__dropout_rate': 0.0, 'model__init': 'glorot_uniform', 'model__learning_rate': 0.01, 'model__neuron1': 16, 'model__neuron2': 4}",0.775609756097561,0.751219512195122,0.7205882352941176,0.7491391678622669,0.022510557705046893,158
71,21.605598131815594,0.48061130977008965,0.6139644781748453,0.012101686830966043,10,50,relu,0.0,glorot_uniform,0.01,16,8,"{'batch_size': 10, 'epochs': 50, 'model__activation_function': 'relu', 'model__dropout_rate': 0.0, 'model__init': 'glorot_uniform', 'model__learning_rate': 0.01, 'model__neuron1': 16, 'model__neuron2': 8}",0.7219512195121951,0.7804878048780488,0.7303921568627451,0.7442770604176631,0.025835709997604723,175
72,21.618190050125122,0.3085390409177095,0.5492379665374756,0.06826060169192351,10,50,relu,0.0,he_uniform,0.001,8,4,"{'batch_size': 10, 'epochs': 50, 'model__activation_function': 'relu', 'model__dropout_rate': 0.0, 'model__init': 'he_uniform', 'model__learning_rate': 0.001, 'model__neuron1': 8, 'model__neuron2': 4}",0.7707317073170732,0.7560975609756098,0.7647058823529411,0.763845050215208,0.00600529398463597,56
73,22.09600313504537,0.9885952633077064,0.5127543608347574,0.07306859760815043,10,50,relu,0.0,he_uniform,0.001,8,8,"{'batch_size': 10, 'epochs': 50, 'model__activation_function': 'relu', 'model__dropout_rate': 0.0, 'model__init': 'he_uniform', 'model__learning_rate': 0.001, 'model__neuron1': 8, 'model__neuron2': 8}",0.7560975609756098,0.7804878048780488,0.7401960784313726,0.7589271480950104,0.016570269107916456,97
74,21.339089234670002,0.43167124668706414,0.6111249128977457,0.04085247236555394,10,50,relu,0.0,he_uniform,0.001,16,4,"{'batch_size': 10, 'epochs': 50, 'model__activation_function': 'relu', 'model__dropout_rate': 0.0, 'model__init': 'he_uniform', 'model__learning_rate': 0.001, 'model__neuron1': 16, 'model__neuron2': 4}",0.7170731707317073,0.7463414634146341,0.7450980392156863,0.7361708911206759,0.01351366515731522,192
75,21.892516771952312,0.5713547108024869,0.6048196951548258,0.04239224638566004,10,50,relu,0.0,he_uniform,0.001,16,8,"{'batch_size': 10, 'epochs': 50, 'model__activation_function': 'relu', 'model__dropout_rate': 0.0, 'model__init': 'he_uniform', 'model__learning_rate': 0.001, 'model__neuron1': 16, 'model__neuron2': 8}",0.751219512195122,0.7170731707317073,0.7843137254901961,0.750868802805675,0.027451961664748316,140
76,22.692711035410564,0.8917896987992096,0.5668088595072428,0.022273897879665522,10,50,relu,0.0,he_uniform,0.01,8,4,"{'batch_size': 10, 'epochs': 50, 'model__activation_function': 'relu', 'model__dropout_rate': 0.0, 'model__init': 'he_uniform', 'model__learning_rate': 0.01, 'model__neuron1': 8, 'model__neuron2': 4}",0.7219512195121951,0.7463414634146341,0.696078431372549,0.7214570380997927,0.020522772050695175,224
77,21.587740023930866,0.20974991310030786,0.6130697727203369,0.003760465698501283,10,50,relu,0.0,he_uniform,0.01,8,8,"{'batch_size': 10, 'epochs': 50, 'model__activation_function': 'relu', 'model__dropout_rate': 0.0, 'model__init': 'he_uniform', 'model__learning_rate': 0.01, 'model__neuron1': 8, 'model__neuron2': 8}",0.7073170731707317,0.7268292682926829,0.7254901960784313,0.719878845847282,0.008899321254333183,225
78,22.476937929789226,0.20976536491424133,0.518077532450358,0.043164838933597835,10,50,relu,0.0,he_uniform,0.01,16,4,"{'batch_size': 10, 'epochs': 50, 'model__activation_function': 'relu', 'model__dropout_rate': 0.0, 'model__init': 'he_uniform', 'model__learning_rate': 0.01, 'model__neuron1': 16, 'model__neuron2': 4}",0.7414634146341463,0.7073170731707317,0.7205882352941176,0.7231229076996653,0.014054929905828087,220
79,22.102413336435955,0.4440200368667919,0.6412514050801595,0.17213679283015593,10,50,relu,0.0,he_uniform,0.01,16,8,"{'batch_size': 10, 'epochs': 50, 'model__activation_function': 'relu', 'model__dropout_rate': 0.0, 'model__init': 'he_uniform', 'model__learning_rate': 0.01, 'model__neuron1': 16, 'model__neuron2': 8}",0.7609756097560976,0.697560975609756,0.7303921568627451,0.7296429140761996,0.025894336311807372,205
80,22.607327620188396,0.20798722501335545,0.519887367884318,0.014156654416554249,10,50,relu,0.2,glorot_uniform,0.001,8,4,"{'batch_size': 10, 'epochs': 50, 'model__activation_function': 'relu', 'model__dropout_rate': 0.2, 'model__init': 'glorot_uniform', 'model__learning_rate': 0.001, 'model__neuron1': 8, 'model__neuron2': 4}",0.7853658536585366,0.7365853658536585,0.7843137254901961,0.7687549816674637,0.02275140844909788,20
81,22.843058347702026,0.4738937272371122,0.6490366458892822,0.17773317284057608,10,50,relu,0.2,glorot_uniform,0.001,8,8,"{'batch_size': 10, 'epochs': 50, 'model__activation_function': 'relu', 'model__dropout_rate': 0.2, 'model__init': 'glorot_uniform', 'model__learning_rate': 0.001, 'model__neuron1': 8, 'model__neuron2': 8}",0.7268292682926829,0.7560975609756098,0.7696078431372549,0.7508448908018491,0.017854869072588167,142
82,22.97416877746582,0.4380708181559116,0.534678061803182,0.05890780128590327,10,50,relu,0.2,glorot_uniform,0.001,16,4,"{'batch_size': 10, 'epochs': 50, 'model__activation_function': 'relu', 'model__dropout_rate': 0.2, 'model__init': 'glorot_uniform', 'model__learning_rate': 0.001, 'model__neuron1': 16, 'model__neuron2': 4}",0.7853658536585366,0.751219512195122,0.7549019607843137,0.7638291088793241,0.015302802328695957,61
83,22.539430618286133,0.3145073509513761,0.5083531538645426,0.02005398548223552,10,50,relu,0.2,glorot_uniform,0.001,16,8,"{'batch_size': 10, 'epochs': 50, 'model__activation_function': 'relu', 'model__dropout_rate': 0.2, 'model__init': 'glorot_uniform', 'model__learning_rate': 0.001, 'model__neuron1': 16, 'model__neuron2': 8}",0.7317073170731707,0.751219512195122,0.7843137254901961,0.7557468515861628,0.021713761429194657,112
84,23.25929880142212,0.18985939514295952,0.5381859938303629,0.004411294543321153,10,50,relu,0.2,glorot_uniform,0.01,8,4,"{'batch_size': 10, 'epochs': 50, 'model__activation_function': 'relu', 'model__dropout_rate': 0.2, 'model__init': 'glorot_uniform', 'model__learning_rate': 0.01, 'model__neuron1': 8, 'model__neuron2': 4}",0.7902439024390244,0.7560975609756098,0.7352941176470589,0.7605451936872311,0.022652531716108388,86
85,21.401236454645794,0.8789483622146878,0.6198069254557291,0.08158570293475127,10,50,relu,0.2,glorot_uniform,0.01,8,8,"{'batch_size': 10, 'epochs': 50, 'model__activation_function': 'relu', 'model__dropout_rate': 0.2, 'model__init': 'glorot_uniform', 'model__learning_rate': 0.01, 'model__neuron1': 8, 'model__neuron2': 8}",0.7853658536585366,0.7560975609756098,0.7401960784313726,0.760553164355173,0.018707689143328415,85
86,21.129093805948894,0.9558795277193315,0.5533928871154785,0.07410496174710253,10,50,relu,0.2,glorot_uniform,0.01,16,4,"{'batch_size': 10, 'epochs': 50, 'model__activation_function': 'relu', 'model__dropout_rate': 0.2, 'model__init': 'glorot_uniform', 'model__learning_rate': 0.01, 'model__neuron1': 16, 'model__neuron2': 4}",0.7560975609756098,0.7560975609756098,0.7254901960784313,0.7458951060098836,0.014428450182030634,169
87,21.685567617416382,0.6416620434904945,0.5536580085754395,0.0355673950546832,10,50,relu,0.2,glorot_uniform,0.01,16,8,"{'batch_size': 10, 'epochs': 50, 'model__activation_function': 'relu', 'model__dropout_rate': 0.2, 'model__init': 'glorot_uniform', 'model__learning_rate': 0.01, 'model__neuron1': 16, 'model__neuron2': 8}",0.775609756097561,0.7463414634146341,0.7352941176470589,0.752415112386418,0.017009890942081114,139
88,20.981512784957886,0.4764878207939653,0.5511913299560547,0.015129947828613889,10,50,relu,0.2,he_uniform,0.001,8,4,"{'batch_size': 10, 'epochs': 50, 'model__activation_function': 'relu', 'model__dropout_rate': 0.2, 'model__init': 'he_uniform', 'model__learning_rate': 0.001, 'model__neuron1': 8, 'model__neuron2': 4}",0.7609756097560976,0.7414634146341463,0.7843137254901961,0.7622509166268133,0.017516793672090688,65
89,21.279423157374065,0.8117403409410607,0.5119619369506836,0.007202860871925242,10,50,relu,0.2,he_uniform,0.001,8,8,"{'batch_size': 10, 'epochs': 50, 'model__activation_function': 'relu', 'model__dropout_rate': 0.2, 'model__init': 'he_uniform', 'model__learning_rate': 0.001, 'model__neuron1': 8, 'model__neuron2': 8}",0.8048780487804879,0.7414634146341463,0.7450980392156863,0.7638131675434402,0.029075143762577308,62
90,21.066598494847614,0.45838792544278206,0.5106836954752604,0.05044231946319333,10,50,relu,0.2,he_uniform,0.001,16,4,"{'batch_size': 10, 'epochs': 50, 'model__activation_function': 'relu', 'model__dropout_rate': 0.2, 'model__init': 'he_uniform', 'model__learning_rate': 0.001, 'model__neuron1': 16, 'model__neuron2': 4}",0.775609756097561,0.751219512195122,0.7549019607843137,0.7605770763589988,0.010735492598374856,82
91,20.448182582855225,0.3576571049333864,0.50933837890625,0.03851361823457398,10,50,relu,0.2,he_uniform,0.001,16,8,"{'batch_size': 10, 'epochs': 50, 'model__activation_function': 'relu', 'model__dropout_rate': 0.2, 'model__init': 'he_uniform', 'model__learning_rate': 0.001, 'model__neuron1': 16, 'model__neuron2': 8}",0.7902439024390244,0.7463414634146341,0.7401960784313726,0.7589271480950104,0.022285956207600276,97
92,20.919231096903484,0.45023458504189035,0.5172043641408285,0.03441018861370406,10,50,relu,0.2,he_uniform,0.01,8,4,"{'batch_size': 10, 'epochs': 50, 'model__activation_function': 'relu', 'model__dropout_rate': 0.2, 'model__init': 'he_uniform', 'model__learning_rate': 0.01, 'model__neuron1': 8, 'model__neuron2': 4}",0.751219512195122,0.7365853658536585,0.7696078431372549,0.7524709070620118,0.013510378561709982,136
93,20.72888485590617,0.8243395644262771,0.4944006601969401,0.03188084271342206,10,50,relu,0.2,he_uniform,0.01,8,8,"{'batch_size': 10, 'epochs': 50, 'model__activation_function': 'relu', 'model__dropout_rate': 0.2, 'model__init': 'he_uniform', 'model__learning_rate': 0.01, 'model__neuron1': 8, 'model__neuron2': 8}",0.7804878048780488,0.7463414634146341,0.7107843137254902,0.7458711940060577,0.02845827395446633,170
94,21.09299643834432,0.6300225746649992,0.47583913803100586,0.019420925710594315,10,50,relu,0.2,he_uniform,0.01,16,4,"{'batch_size': 10, 'epochs': 50, 'model__activation_function': 'relu', 'model__dropout_rate': 0.2, 'model__init': 'he_uniform', 'model__learning_rate': 0.01, 'model__neuron1': 16, 'model__neuron2': 4}",0.7951219512195122,0.7560975609756098,0.7450980392156863,0.7654391838036028,0.02146388254466854,49
95,20.915913343429565,0.512599713993501,0.5145828723907471,0.014523540841582907,10,50,relu,0.2,he_uniform,0.01,16,8,"{'batch_size': 10, 'epochs': 50, 'model__activation_function': 'relu', 'model__dropout_rate': 0.2, 'model__init': 'he_uniform', 'model__learning_rate': 0.01, 'model__neuron1': 16, 'model__neuron2': 8}",0.7951219512195122,0.7463414634146341,0.7205882352941176,0.7540172166427547,0.030908538120570147,133
96,20.507664759953816,0.20795728937129987,0.546436071395874,0.048233842176754894,10,50,tanh,0.0,glorot_uniform,0.001,8,4,"{'batch_size': 10, 'epochs': 50, 'model__activation_function': 'tanh', 'model__dropout_rate': 0.0, 'model__init': 'glorot_uniform', 'model__learning_rate': 0.001, 'model__neuron1': 8, 'model__neuron2': 4}",0.7853658536585366,0.7560975609756098,0.7843137254901961,0.7752590467081141,0.013556023139263738,3
97,19.621188163757324,0.3708091229947205,0.5998722712198893,0.01887393861392155,10,50,tanh,0.0,glorot_uniform,0.001,8,8,"{'batch_size': 10, 'epochs': 50, 'model__activation_function': 'tanh', 'model__dropout_rate': 0.0, 'model__init': 'glorot_uniform', 'model__learning_rate': 0.001, 'model__neuron1': 8, 'model__neuron2': 8}",0.775609756097561,0.751219512195122,0.803921568627451,0.7769169456400448,0.021535370075360258,2
98,19.46440641085307,0.12363578948208563,0.5949591000874838,0.21697340681764873,10,50,tanh,0.0,glorot_uniform,0.001,16,4,"{'batch_size': 10, 'epochs': 50, 'model__activation_function': 'tanh', 'model__dropout_rate': 0.0, 'model__init': 'glorot_uniform', 'model__learning_rate': 0.001, 'model__neuron1': 16, 'model__neuron2': 4}",0.7560975609756098,0.7317073170731707,0.7892156862745098,0.7590068547744301,0.02356764908167227,88
99,19.362211147944134,0.08869053319122205,0.484356164932251,0.04815439495329134,10,50,tanh,0.0,glorot_uniform,0.001,16,8,"{'batch_size': 10, 'epochs': 50, 'model__activation_function': 'tanh', 'model__dropout_rate': 0.0, 'model__init': 'glorot_uniform', 'model__learning_rate': 0.001, 'model__neuron1': 16, 'model__neuron2': 8}",0.7609756097560976,0.7365853658536585,0.7892156862745098,0.7622588872947552,0.021505390918423,64
100,19.77815119425456,0.36662725284019787,0.5099891026814779,0.015994824385888194,10,50,tanh,0.0,glorot_uniform,0.01,8,4,"{'batch_size': 10, 'epochs': 50, 'model__activation_function': 'tanh', 'model__dropout_rate': 0.0, 'model__init': 'glorot_uniform', 'model__learning_rate': 0.01, 'model__neuron1': 8, 'model__neuron2': 4}",0.7609756097560976,0.6585365853658537,0.7009803921568627,0.7068308624262712,0.04202467078027834,237
101,19.184772570927937,0.7078728246225406,0.5050757726033529,0.012860749087818077,10,50,tanh,0.0,glorot_uniform,0.01,8,8,"{'batch_size': 10, 'epochs': 50, 'model__activation_function': 'tanh', 'model__dropout_rate': 0.0, 'model__init': 'glorot_uniform', 'model__learning_rate': 0.01, 'model__neuron1': 8, 'model__neuron2': 8}",0.7268292682926829,0.7414634146341463,0.7303921568627451,0.7328949465965248,0.006230972482926277,199
102,19.084384044011433,0.07476655878439718,0.5401116212209066,0.0391275802686987,10,50,tanh,0.0,glorot_uniform,0.01,16,4,"{'batch_size': 10, 'epochs': 50, 'model__activation_function': 'tanh', 'model__dropout_rate': 0.0, 'model__init': 'glorot_uniform', 'model__learning_rate': 0.01, 'model__neuron1': 16, 'model__neuron2': 4}",0.7268292682926829,0.6634146341463415,0.7794117647058824,0.7232185557149688,0.04742440657510251,218
103,19.35957105954488,0.0841096459973984,0.527798573176066,0.06491185973538943,10,50,tanh,0.0,glorot_uniform,0.01,16,8,"{'batch_size': 10, 'epochs': 50, 'model__activation_function': 'tanh', 'model__dropout_rate': 0.0, 'model__init': 'glorot_uniform', 'model__learning_rate': 0.01, 'model__neuron1': 16, 'model__neuron2': 8}",0.7170731707317073,0.7414634146341463,0.7009803921568627,0.719838992507572,0.016642437818139285,226
104,19.936038732528687,0.5555557175069052,0.5099603335062662,0.05636703592096009,10,50,tanh,0.0,he_uniform,0.001,8,4,"{'batch_size': 10, 'epochs': 50, 'model__activation_function': 'tanh', 'model__dropout_rate': 0.0, 'model__init': 'he_uniform', 'model__learning_rate': 0.001, 'model__neuron1': 8, 'model__neuron2': 4}",0.775609756097561,0.751219512195122,0.7843137254901961,0.7703809979276263,0.014007418805873525,11
105,20.03912838300069,0.28851671144247476,0.5095370610555013,0.026112434402302997,10,50,tanh,0.0,he_uniform,0.001,8,8,"{'batch_size': 10, 'epochs': 50, 'model__activation_function': 'tanh', 'model__dropout_rate': 0.0, 'model__init': 'he_uniform', 'model__learning_rate': 0.001, 'model__neuron1': 8, 'model__neuron2': 8}",0.7658536585365854,0.7268292682926829,0.7941176470588235,0.7622668579626972,0.027587199120987647,63
106,20.033180793126423,0.824974819826151,0.6902825832366943,0.16170630954943838,10,50,tanh,0.0,he_uniform,0.001,16,4,"{'batch_size': 10, 'epochs': 50, 'model__activation_function': 'tanh', 'model__dropout_rate': 0.0, 'model__init': 'he_uniform', 'model__learning_rate': 0.001, 'model__neuron1': 16, 'model__neuron2': 4}",0.7414634146341463,0.7170731707317073,0.7745098039215687,0.7443487964291408,0.02353700319530696,171
107,20.268173376719158,0.4540475071057424,0.5579433441162109,0.018241814992575454,10,50,tanh,0.0,he_uniform,0.001,16,8,"{'batch_size': 10, 'epochs': 50, 'model__activation_function': 'tanh', 'model__dropout_rate': 0.0, 'model__init': 'he_uniform', 'model__learning_rate': 0.001, 'model__neuron1': 16, 'model__neuron2': 8}",0.7804878048780488,0.7414634146341463,0.7843137254901961,0.7687549816674637,0.0193611576872038,20
108,19.462634166081745,0.5711611601801457,0.5627795855204264,0.056342266861493115,10,50,tanh,0.0,he_uniform,0.01,8,4,"{'batch_size': 10, 'epochs': 50, 'model__activation_function': 'tanh', 'model__dropout_rate': 0.0, 'model__init': 'he_uniform', 'model__learning_rate': 0.01, 'model__neuron1': 8, 'model__neuron2': 4}",0.7317073170731707,0.7073170731707317,0.7107843137254902,0.7166029013231309,0.010773825400128448,232
109,19.241901795069378,0.3663441775670609,0.5538209279378256,0.023878819090163383,10,50,tanh,0.0,he_uniform,0.01,8,8,"{'batch_size': 10, 'epochs': 50, 'model__activation_function': 'tanh', 'model__dropout_rate': 0.0, 'model__init': 'he_uniform', 'model__learning_rate': 0.01, 'model__neuron1': 8, 'model__neuron2': 8}",0.7365853658536585,0.6926829268292682,0.6911764705882353,0.7068149210903872,0.02105986528373772,238
110,19.83285903930664,0.9600682039268907,0.5081166426340739,0.044023705399152166,10,50,tanh,0.0,he_uniform,0.01,16,4,"{'batch_size': 10, 'epochs': 50, 'model__activation_function': 'tanh', 'model__dropout_rate': 0.0, 'model__init': 'he_uniform', 'model__learning_rate': 0.01, 'model__neuron1': 16, 'model__neuron2': 4}",0.7024390243902439,0.6829268292682927,0.7107843137254902,0.6987167224613423,0.011673374513772164,244
111,20.14548357327779,0.6973836038385053,0.5489810307820638,0.03961242337725578,10,50,tanh,0.0,he_uniform,0.01,16,8,"{'batch_size': 10, 'epochs': 50, 'model__activation_function': 'tanh', 'model__dropout_rate': 0.0, 'model__init': 'he_uniform', 'model__learning_rate': 0.01, 'model__neuron1': 16, 'model__neuron2': 8}",0.7365853658536585,0.7658536585365854,0.6911764705882353,0.7312051649928263,0.03072328672679705,204
112,20.512664715449016,0.6973139443292408,0.49549396832784015,0.03228274916862769,10,50,tanh,0.2,glorot_uniform,0.001,8,4,"{'batch_size': 10, 'epochs': 50, 'model__activation_function': 'tanh', 'model__dropout_rate': 0.2, 'model__init': 'glorot_uniform', 'model__learning_rate': 0.001, 'model__neuron1': 8, 'model__neuron2': 4}",0.7951219512195122,0.7365853658536585,0.7696078431372549,0.7671050534034752,0.023962900824845954,32
113,21.427013794581097,0.17934948569065798,0.4672355651855469,0.026232118156677763,10,50,tanh,0.2,glorot_uniform,0.001,8,8,"{'batch_size': 10, 'epochs': 50, 'model__activation_function': 'tanh', 'model__dropout_rate': 0.2, 'model__init': 'glorot_uniform', 'model__learning_rate': 0.001, 'model__neuron1': 8, 'model__neuron2': 8}",0.7853658536585366,0.7268292682926829,0.7843137254901961,0.7655029491471385,0.0273497950820461,42
114,20.67497730255127,0.09515217004690585,0.55540664990743,0.04141625316389449,10,50,tanh,0.2,glorot_uniform,0.001,16,4,"{'batch_size': 10, 'epochs': 50, 'model__activation_function': 'tanh', 'model__dropout_rate': 0.2, 'model__init': 'glorot_uniform', 'model__learning_rate': 0.001, 'model__neuron1': 16, 'model__neuron2': 4}",0.7707317073170732,0.7414634146341463,0.7696078431372549,0.7606009883628247,0.013540084043046002,79
115,20.906902472178142,0.7454882541484468,0.5416990121205648,0.010878410058021171,10,50,tanh,0.2,glorot_uniform,0.001,16,8,"{'batch_size': 10, 'epochs': 50, 'model__activation_function': 'tanh', 'model__dropout_rate': 0.2, 'model__init': 'glorot_uniform', 'model__learning_rate': 0.001, 'model__neuron1': 16, 'model__neuron2': 8}",0.7853658536585366,0.7268292682926829,0.7794117647058824,0.7638689622190339,0.02630357375506676,53
116,21.115864197413128,0.4119627015013508,0.536194642384847,0.010285557072569814,10,50,tanh,0.2,glorot_uniform,0.01,8,4,"{'batch_size': 10, 'epochs': 50, 'model__activation_function': 'tanh', 'model__dropout_rate': 0.2, 'model__init': 'glorot_uniform', 'model__learning_rate': 0.01, 'model__neuron1': 8, 'model__neuron2': 4}",0.751219512195122,0.7365853658536585,0.7794117647058824,0.755738880918221,0.01777345642437872,115
117,21.49132029215495,0.7998372001862835,0.6285761197408041,0.07668729882178696,10,50,tanh,0.2,glorot_uniform,0.01,8,8,"{'batch_size': 10, 'epochs': 50, 'model__activation_function': 'tanh', 'model__dropout_rate': 0.2, 'model__init': 'glorot_uniform', 'model__learning_rate': 0.01, 'model__neuron1': 8, 'model__neuron2': 8}",0.775609756097561,0.7219512195121951,0.7745098039215687,0.7573569265104415,0.02503964243263906,100
118,21.164177020390827,0.23972981962297188,0.5855794747670492,0.031099265653137424,10,50,tanh,0.2,glorot_uniform,0.01,16,4,"{'batch_size': 10, 'epochs': 50, 'model__activation_function': 'tanh', 'model__dropout_rate': 0.2, 'model__init': 'glorot_uniform', 'model__learning_rate': 0.01, 'model__neuron1': 16, 'model__neuron2': 4}",0.7609756097560976,0.7414634146341463,0.7647058823529411,0.755714968914395,0.010191788621691034,118
119,21.14433526992798,0.3596545619430662,0.5964983304341634,0.029417692672641164,10,50,tanh,0.2,glorot_uniform,0.01,16,8,"{'batch_size': 10, 'epochs': 50, 'model__activation_function': 'tanh', 'model__dropout_rate': 0.2, 'model__init': 'glorot_uniform', 'model__learning_rate': 0.01, 'model__neuron1': 16, 'model__neuron2': 8}",0.7463414634146341,0.7560975609756098,0.7598039215686274,0.7540809819862905,0.005677991898674983,129
120,21.32969347635905,0.7084687986622453,0.7419668038686117,0.12860057935272365,10,50,tanh,0.2,he_uniform,0.001,8,4,"{'batch_size': 10, 'epochs': 50, 'model__activation_function': 'tanh', 'model__dropout_rate': 0.2, 'model__init': 'he_uniform', 'model__learning_rate': 0.001, 'model__neuron1': 8, 'model__neuron2': 4}",0.7804878048780488,0.751219512195122,0.7892156862745098,0.7736410011158935,0.016249848255412185,8
121,21.447264432907104,0.544168386171163,0.5504012107849121,0.036084316724898965,10,50,tanh,0.2,he_uniform,0.001,8,8,"{'batch_size': 10, 'epochs': 50, 'model__activation_function': 'tanh', 'model__dropout_rate': 0.2, 'model__init': 'he_uniform', 'model__learning_rate': 0.001, 'model__neuron1': 8, 'model__neuron2': 8}",0.7902439024390244,0.7365853658536585,0.7843137254901961,0.7703809979276263,0.0240194408777606,11
122,21.51552454630534,0.2744558637328267,0.5656371911366781,0.01947852054969409,10,50,tanh,0.2,he_uniform,0.001,16,4,"{'batch_size': 10, 'epochs': 50, 'model__activation_function': 'tanh', 'model__dropout_rate': 0.2, 'model__init': 'he_uniform', 'model__learning_rate': 0.001, 'model__neuron1': 16, 'model__neuron2': 4}",0.7658536585365854,0.7414634146341463,0.7843137254901961,0.7638769328869759,0.017549318473669025,51
123,21.685115893681843,0.43839336427533476,0.5022552808125814,0.04582486728754632,10,50,tanh,0.2,he_uniform,0.001,16,8,"{'batch_size': 10, 'epochs': 50, 'model__activation_function': 'tanh', 'model__dropout_rate': 0.2, 'model__init': 'he_uniform', 'model__learning_rate': 0.001, 'model__neuron1': 16, 'model__neuron2': 8}",0.7853658536585366,0.7365853658536585,0.7647058823529411,0.7622190339550454,0.01999203689532497,74
124,20.939451773961384,0.29847356493478244,0.5289790630340576,0.031391858989075934,10,50,tanh,0.2,he_uniform,0.01,8,4,"{'batch_size': 10, 'epochs': 50, 'model__activation_function': 'tanh', 'model__dropout_rate': 0.2, 'model__init': 'he_uniform', 'model__learning_rate': 0.01, 'model__neuron1': 8, 'model__neuron2': 4}",0.7707317073170732,0.7317073170731707,0.7941176470588235,0.7655188904830225,0.025744156835270916,38
125,21.349269946416218,0.5071994083151716,0.44688089688618976,0.03246326279567243,10,50,tanh,0.2,he_uniform,0.01,8,8,"{'batch_size': 10, 'epochs': 50, 'model__activation_function': 'tanh', 'model__dropout_rate': 0.2, 'model__init': 'he_uniform', 'model__learning_rate': 0.01, 'model__neuron1': 8, 'model__neuron2': 8}",0.7658536585365854,0.7463414634146341,0.7941176470588235,0.7687709230033476,0.019613324635352734,17
126,21.47080858548482,0.32125784072583274,0.4858962694803874,0.054569130513710276,10,50,tanh,0.2,he_uniform,0.01,16,4,"{'batch_size': 10, 'epochs': 50, 'model__activation_function': 'tanh', 'model__dropout_rate': 0.2, 'model__init': 'he_uniform', 'model__learning_rate': 0.01, 'model__neuron1': 16, 'model__neuron2': 4}",0.7560975609756098,0.7121951219512195,0.7843137254901961,0.750868802805675,0.02967353678619796,140
127,21.829784393310547,0.5832147892925791,0.47613223393758136,0.08976897299222396,10,50,tanh,0.2,he_uniform,0.01,16,8,"{'batch_size': 10, 'epochs': 50, 'model__activation_function': 'tanh', 'model__dropout_rate': 0.2, 'model__init': 'he_uniform', 'model__learning_rate': 0.01, 'model__neuron1': 16, 'model__neuron2': 8}",0.775609756097561,0.7317073170731707,0.7696078431372549,0.7589749721026622,0.01943621187202361,92
128,5.632625341415405,0.04638765427369921,0.524630069732666,0.005897205328938214,20,10,relu,0.0,glorot_uniform,0.001,8,4,"{'batch_size': 20, 'epochs': 10, 'model__activation_function': 'relu', 'model__dropout_rate': 0.0, 'model__init': 'glorot_uniform', 'model__learning_rate': 0.001, 'model__neuron1': 8, 'model__neuron2': 4}",0.7365853658536585,0.6390243902439025,0.6372549019607843,0.6709548860194484,0.04641337942624963,250
129,5.399999062220256,0.1314804128270712,0.49674153327941895,0.003037357946412161,20,10,relu,0.0,glorot_uniform,0.001,8,8,"{'batch_size': 20, 'epochs': 10, 'model__activation_function': 'relu', 'model__dropout_rate': 0.0, 'model__init': 'glorot_uniform', 'model__learning_rate': 0.001, 'model__neuron1': 8, 'model__neuron2': 8}",0.7414634146341463,0.6536585365853659,0.7549019607843137,0.7166746373346086,0.04489558512731945,230
130,5.3717262744903564,0.1696197691600524,0.41815654436747235,0.026571370105643668,20,10,relu,0.0,glorot_uniform,0.001,16,4,"{'batch_size': 20, 'epochs': 10, 'model__activation_function': 'relu', 'model__dropout_rate': 0.0, 'model__init': 'glorot_uniform', 'model__learning_rate': 0.001, 'model__neuron1': 16, 'model__neuron2': 4}",0.7560975609756098,0.7414634146341463,0.7156862745098039,0.7377490833731867,0.01670559209750759,190
131,5.773144642512004,0.1571224725277687,0.45078492164611816,0.05805600326809079,20,10,relu,0.0,glorot_uniform,0.001,16,8,"{'batch_size': 20, 'epochs': 10, 'model__activation_function': 'relu', 'model__dropout_rate': 0.0, 'model__init': 'glorot_uniform', 'model__learning_rate': 0.001, 'model__neuron1': 16, 'model__neuron2': 8}",0.7609756097560976,0.7317073170731707,0.7352941176470589,0.7426590148254424,0.013034301463944752,180
132,5.638399839401245,0.2986222989247282,0.5348916053771973,0.047473025870946824,20,10,relu,0.0,glorot_uniform,0.01,8,4,"{'batch_size': 20, 'epochs': 10, 'model__activation_function': 'relu', 'model__dropout_rate': 0.0, 'model__init': 'glorot_uniform', 'model__learning_rate': 0.01, 'model__neuron1': 8, 'model__neuron2': 4}",0.7804878048780488,0.751219512195122,0.7696078431372549,0.7671050534034752,0.012079078510162444,32
133,5.273699998855591,0.0694096330769869,0.5854377746582031,0.012281946746673468,20,10,relu,0.0,glorot_uniform,0.01,8,8,"{'batch_size': 20, 'epochs': 10, 'model__activation_function': 'relu', 'model__dropout_rate': 0.0, 'model__init': 'glorot_uniform', 'model__learning_rate': 0.01, 'model__neuron1': 8, 'model__neuron2': 8}",0.7804878048780488,0.775609756097561,0.7990196078431373,0.7850390562729158,0.01008433460478591,1
134,5.060801982879639,0.061049642685254424,0.45505809783935547,0.03589590138569623,20,10,relu,0.0,glorot_uniform,0.01,16,4,"{'batch_size': 20, 'epochs': 10, 'model__activation_function': 'relu', 'model__dropout_rate': 0.0, 'model__init': 'glorot_uniform', 'model__learning_rate': 0.01, 'model__neuron1': 16, 'model__neuron2': 4}",0.7804878048780488,0.7658536585365854,0.75,0.7654471544715448,0.012449912870824038,48
135,5.110639731089274,0.1009257255095036,0.4668600559234619,0.03513542243286685,20,10,relu,0.0,glorot_uniform,0.01,16,8,"{'batch_size': 20, 'epochs': 10, 'model__activation_function': 'relu', 'model__dropout_rate': 0.0, 'model__init': 'glorot_uniform', 'model__learning_rate': 0.01, 'model__neuron1': 16, 'model__neuron2': 8}",0.7658536585365854,0.7268292682926829,0.7549019607843137,0.7491949625378607,0.016434782834299153,155
136,5.113820552825928,0.06736602243130937,0.44024046262105304,0.06323231624631104,20,10,relu,0.0,he_uniform,0.001,8,4,"{'batch_size': 20, 'epochs': 10, 'model__activation_function': 'relu', 'model__dropout_rate': 0.0, 'model__init': 'he_uniform', 'model__learning_rate': 0.001, 'model__neuron1': 8, 'model__neuron2': 4}",0.6731707317073171,0.6292682926829268,0.6911764705882353,0.6645384983261597,0.02600054118345624,252
137,5.062933127085368,0.16477156316632888,0.3998851776123047,0.024656195837983078,20,10,relu,0.0,he_uniform,0.001,8,8,"{'batch_size': 20, 'epochs': 10, 'model__activation_function': 'relu', 'model__dropout_rate': 0.0, 'model__init': 'he_uniform', 'model__learning_rate': 0.001, 'model__neuron1': 8, 'model__neuron2': 8}",0.6682926829268293,0.6731707317073171,0.6470588235294118,0.6628407460545195,0.0113358031304235,254
138,5.308507204055786,0.1109280743674651,0.44708991050720215,0.017425177312861053,20,10,relu,0.0,he_uniform,0.001,16,4,"{'batch_size': 20, 'epochs': 10, 'model__activation_function': 'relu', 'model__dropout_rate': 0.0, 'model__init': 'he_uniform', 'model__learning_rate': 0.001, 'model__neuron1': 16, 'model__neuron2': 4}",0.7268292682926829,0.697560975609756,0.6372549019607843,0.6872150486210744,0.03729316675461822,247
139,5.574677308400472,0.08889406386954833,0.4088585376739502,0.0061929691329470245,20,10,relu,0.0,he_uniform,0.001,16,8,"{'batch_size': 20, 'epochs': 10, 'model__activation_function': 'relu', 'model__dropout_rate': 0.0, 'model__init': 'he_uniform', 'model__learning_rate': 0.001, 'model__neuron1': 16, 'model__neuron2': 8}",0.7268292682926829,0.6585365853658537,0.7156862745098039,0.7003507093894469,0.029914960621809757,241
140,5.574513673782349,0.037478396307311306,0.4571546713511149,0.022067816987127946,20,10,relu,0.0,he_uniform,0.01,8,4,"{'batch_size': 20, 'epochs': 10, 'model__activation_function': 'relu', 'model__dropout_rate': 0.0, 'model__init': 'he_uniform', 'model__learning_rate': 0.01, 'model__neuron1': 8, 'model__neuron2': 4}",0.7853658536585366,0.7365853658536585,0.7303921568627451,0.7507811254583134,0.024585450004881194,151
141,5.317392667134603,0.13063758000951142,0.45628102620442706,0.022575648737492467,20,10,relu,0.0,he_uniform,0.01,8,8,"{'batch_size': 20, 'epochs': 10, 'model__activation_function': 'relu', 'model__dropout_rate': 0.0, 'model__init': 'he_uniform', 'model__learning_rate': 0.01, 'model__neuron1': 8, 'model__neuron2': 8}",0.7365853658536585,0.751219512195122,0.7647058823529411,0.7508369201339072,0.011483339948539496,144
142,5.069868405659993,0.09154655037265598,0.4878702958424886,0.021248715647054068,20,10,relu,0.0,he_uniform,0.01,16,4,"{'batch_size': 20, 'epochs': 10, 'model__activation_function': 'relu', 'model__dropout_rate': 0.0, 'model__init': 'he_uniform', 'model__learning_rate': 0.01, 'model__neuron1': 16, 'model__neuron2': 4}",0.7414634146341463,0.7365853658536585,0.7549019607843137,0.7443169137573729,0.00774516001117759,173
143,4.927481969197591,0.03173324105280641,0.5439030329386393,0.058911965718654105,20,10,relu,0.0,he_uniform,0.01,16,8,"{'batch_size': 20, 'epochs': 10, 'model__activation_function': 'relu', 'model__dropout_rate': 0.0, 'model__init': 'he_uniform', 'model__learning_rate': 0.01, 'model__neuron1': 16, 'model__neuron2': 8}",0.7658536585365854,0.7658536585365854,0.7647058823529411,0.7654710664753707,0.0005410668818261796,45
144,4.884511788686116,0.00936417365707617,0.4855007330576579,0.04187777218254472,20,10,relu,0.2,glorot_uniform,0.001,8,4,"{'batch_size': 20, 'epochs': 10, 'model__activation_function': 'relu', 'model__dropout_rate': 0.2, 'model__init': 'glorot_uniform', 'model__learning_rate': 0.001, 'model__neuron1': 8, 'model__neuron2': 4}",0.7170731707317073,0.5804878048780487,0.6372549019607843,0.6449386258568467,0.05602481742363605,256
145,5.175955454508464,0.1462897997963943,0.5053277810414633,0.0061506864617715835,20,10,relu,0.2,glorot_uniform,0.001,8,8,"{'batch_size': 20, 'epochs': 10, 'model__activation_function': 'relu', 'model__dropout_rate': 0.2, 'model__init': 'glorot_uniform', 'model__learning_rate': 0.001, 'model__neuron1': 8, 'model__neuron2': 8}",0.7658536585365854,0.697560975609756,0.696078431372549,0.7198310218396301,0.032548546314275104,227
146,5.063131491343181,0.16979352588757285,0.5057555039723715,0.042642230915222,20,10,relu,0.2,glorot_uniform,0.001,16,4,"{'batch_size': 20, 'epochs': 10, 'model__activation_function': 'relu', 'model__dropout_rate': 0.2, 'model__init': 'glorot_uniform', 'model__learning_rate': 0.001, 'model__neuron1': 16, 'model__neuron2': 4}",0.775609756097561,0.6878048780487804,0.6813725490196079,0.7149290610553164,0.042988012106417894,236
147,5.325580596923828,0.1754879093980827,0.43599597613016766,0.02461779061702298,20,10,relu,0.2,glorot_uniform,0.001,16,8,"{'batch_size': 20, 'epochs': 10, 'model__activation_function': 'relu', 'model__dropout_rate': 0.2, 'model__init': 'glorot_uniform', 'model__learning_rate': 0.001, 'model__neuron1': 16, 'model__neuron2': 8}",0.7853658536585366,0.697560975609756,0.696078431372549,0.7263350868802805,0.04174544329764598,216
148,5.516765673955281,0.06480428492823456,0.45136769612630206,0.014920587079771988,20,10,relu,0.2,glorot_uniform,0.01,8,4,"{'batch_size': 20, 'epochs': 10, 'model__activation_function': 'relu', 'model__dropout_rate': 0.2, 'model__init': 'glorot_uniform', 'model__learning_rate': 0.01, 'model__neuron1': 8, 'model__neuron2': 4}",0.7560975609756098,0.7365853658536585,0.7401960784313726,0.744293001753547,0.008476242294401713,174
149,5.603678226470947,0.192308723425101,0.4394565423329671,0.022024630677223104,20,10,relu,0.2,glorot_uniform,0.01,8,8,"{'batch_size': 20, 'epochs': 10, 'model__activation_function': 'relu', 'model__dropout_rate': 0.2, 'model__init': 'glorot_uniform', 'model__learning_rate': 0.01, 'model__neuron1': 8, 'model__neuron2': 8}",0.7707317073170732,0.7463414634146341,0.7696078431372549,0.7622270046229874,0.011242140433369062,70
150,5.999752044677734,0.05511803925546926,0.4501524766286214,0.014854727857921112,20,10,relu,0.2,glorot_uniform,0.01,16,4,"{'batch_size': 20, 'epochs': 10, 'model__activation_function': 'relu', 'model__dropout_rate': 0.2, 'model__init': 'glorot_uniform', 'model__learning_rate': 0.01, 'model__neuron1': 16, 'model__neuron2': 4}",0.7121951219512195,0.7317073170731707,0.7794117647058824,0.7411047345767575,0.028234173827763324,182
151,5.737630208333333,0.1656991853625505,0.4194069703420003,0.01657799780306654,20,10,relu,0.2,glorot_uniform,0.01,16,8,"{'batch_size': 20, 'epochs': 10, 'model__activation_function': 'relu', 'model__dropout_rate': 0.2, 'model__init': 'glorot_uniform', 'model__learning_rate': 0.01, 'model__neuron1': 16, 'model__neuron2': 8}",0.7560975609756098,0.7414634146341463,0.7843137254901961,0.7606249003666506,0.017784073147740494,77
152,5.570694049199422,0.10016370881421202,0.4545904795328776,0.032081871919129715,20,10,relu,0.2,he_uniform,0.001,8,4,"{'batch_size': 20, 'epochs': 10, 'model__activation_function': 'relu', 'model__dropout_rate': 0.2, 'model__init': 'he_uniform', 'model__learning_rate': 0.001, 'model__neuron1': 8, 'model__neuron2': 4}",0.5951219512195122,0.6487804878048781,0.7598039215686274,0.6679021201976726,0.0685772822371014,251
153,5.416075865427653,0.22995671775333776,0.4919097423553467,0.016401654592919496,20,10,relu,0.2,he_uniform,0.001,8,8,"{'batch_size': 20, 'epochs': 10, 'model__activation_function': 'relu', 'model__dropout_rate': 0.2, 'model__init': 'he_uniform', 'model__learning_rate': 0.001, 'model__neuron1': 8, 'model__neuron2': 8}",0.7463414634146341,0.6878048780487804,0.6568627450980392,0.6970030288538179,0.03710404058472423,246
154,5.6212460199991865,0.3776050843951653,0.5018806457519531,0.02114454298735731,20,10,relu,0.2,he_uniform,0.001,16,4,"{'batch_size': 20, 'epochs': 10, 'model__activation_function': 'relu', 'model__dropout_rate': 0.2, 'model__init': 'he_uniform', 'model__learning_rate': 0.001, 'model__neuron1': 16, 'model__neuron2': 4}",0.6780487804878049,0.6390243902439025,0.6323529411764706,0.6498087039693926,0.02015363489942811,255
155,5.424578666687012,0.5209826763918196,0.47966615358988446,0.03244929955100516,20,10,relu,0.2,he_uniform,0.001,16,8,"{'batch_size': 20, 'epochs': 10, 'model__activation_function': 'relu', 'model__dropout_rate': 0.2, 'model__init': 'he_uniform', 'model__learning_rate': 0.001, 'model__neuron1': 16, 'model__neuron2': 8}",0.7268292682926829,0.6780487804878049,0.6519607843137255,0.6856129443647377,0.03102939364210084,248
156,5.519331773122151,0.4840766513628787,0.7888638973236084,0.33550173242491527,20,10,relu,0.2,he_uniform,0.01,8,4,"{'batch_size': 20, 'epochs': 10, 'model__activation_function': 'relu', 'model__dropout_rate': 0.2, 'model__init': 'he_uniform', 'model__learning_rate': 0.01, 'model__neuron1': 8, 'model__neuron2': 4}",0.8,0.7268292682926829,0.7647058823529411,0.763845050215208,0.02987802725106486,56
157,5.961324294408162,0.06822500934051037,0.5357796351114908,0.06294533041711368,20,10,relu,0.2,he_uniform,0.01,8,8,"{'batch_size': 20, 'epochs': 10, 'model__activation_function': 'relu', 'model__dropout_rate': 0.2, 'model__init': 'he_uniform', 'model__learning_rate': 0.01, 'model__neuron1': 8, 'model__neuron2': 8}",0.8,0.751219512195122,0.7549019607843137,0.7687071576598119,0.022178391784180594,27
158,5.9025256633758545,0.47386905603405877,0.5595346291859945,0.11697932874118626,20,10,relu,0.2,he_uniform,0.01,16,4,"{'batch_size': 20, 'epochs': 10, 'model__activation_function': 'relu', 'model__dropout_rate': 0.2, 'model__init': 'he_uniform', 'model__learning_rate': 0.01, 'model__neuron1': 16, 'model__neuron2': 4}",0.7951219512195122,0.7463414634146341,0.7352941176470589,0.7589191774270684,0.025993481039512368,99
159,6.101862668991089,0.5569581453649055,0.6899571418762207,0.19971511189498023,20,10,relu,0.2,he_uniform,0.01,16,8,"{'batch_size': 20, 'epochs': 10, 'model__activation_function': 'relu', 'model__dropout_rate': 0.2, 'model__init': 'he_uniform', 'model__learning_rate': 0.01, 'model__neuron1': 16, 'model__neuron2': 8}",0.775609756097561,0.7219512195121951,0.7598039215686274,0.7524549657261278,0.022513921635320358,137
160,5.387667338053386,0.4486403260142198,0.5420827865600586,0.049643047113324006,20,10,tanh,0.0,glorot_uniform,0.001,8,4,"{'batch_size': 20, 'epochs': 10, 'model__activation_function': 'tanh', 'model__dropout_rate': 0.0, 'model__init': 'glorot_uniform', 'model__learning_rate': 0.001, 'model__neuron1': 8, 'model__neuron2': 4}",0.7853658536585366,0.7219512195121951,0.7647058823529411,0.7573409851745576,0.026407514572115102,108
161,8.40095591545105,1.148056414875709,1.5027468999226887,0.4487260012340624,20,10,tanh,0.0,glorot_uniform,0.001,8,8,"{'batch_size': 20, 'epochs': 10, 'model__activation_function': 'tanh', 'model__dropout_rate': 0.0, 'model__init': 'glorot_uniform', 'model__learning_rate': 0.001, 'model__neuron1': 8, 'model__neuron2': 8}",0.7902439024390244,0.7073170731707317,0.7647058823529411,0.7540889526542324,0.03467712166346026,127
162,6.112935543060303,0.09866796638910197,3.6299615701039634,0.8869785212691081,20,10,tanh,0.0,glorot_uniform,0.001,16,4,"{'batch_size': 20, 'epochs': 10, 'model__activation_function': 'tanh', 'model__dropout_rate': 0.0, 'model__init': 'glorot_uniform', 'model__learning_rate': 0.001, 'model__neuron1': 16, 'model__neuron2': 4}",0.7609756097560976,0.7365853658536585,0.7745098039215687,0.7573569265104415,0.015692607644280182,100
163,10.270193815231323,0.285485129028605,0.46197954813639325,0.0808368449181288,20,10,tanh,0.0,glorot_uniform,0.001,16,8,"{'batch_size': 20, 'epochs': 10, 'model__activation_function': 'tanh', 'model__dropout_rate': 0.0, 'model__init': 'glorot_uniform', 'model__learning_rate': 0.001, 'model__neuron1': 16, 'model__neuron2': 8}",0.7560975609756098,0.751219512195122,0.8137254901960784,0.7736808544556034,0.028385776704383754,5
164,9.60670534769694,0.46227129915616044,0.986304759979248,0.7033205667599407,20,10,tanh,0.0,glorot_uniform,0.01,8,4,"{'batch_size': 20, 'epochs': 10, 'model__activation_function': 'tanh', 'model__dropout_rate': 0.0, 'model__init': 'glorot_uniform', 'model__learning_rate': 0.01, 'model__neuron1': 8, 'model__neuron2': 4}",0.7804878048780488,0.7560975609756098,0.7647058823529411,0.7670970827355332,0.010099814482038694,35
165,10.12528363863627,0.12389701883893994,0.3797829945882161,0.011432973509549377,20,10,tanh,0.0,glorot_uniform,0.01,8,8,"{'batch_size': 20, 'epochs': 10, 'model__activation_function': 'tanh', 'model__dropout_rate': 0.0, 'model__init': 'glorot_uniform', 'model__learning_rate': 0.01, 'model__neuron1': 8, 'model__neuron2': 8}",0.775609756097561,0.7463414634146341,0.7941176470588235,0.7720229555236728,0.01966875330176368,9
166,9.153335412343344,0.06190217677842028,0.4438299338022868,0.03063299271497519,20,10,tanh,0.0,glorot_uniform,0.01,16,4,"{'batch_size': 20, 'epochs': 10, 'model__activation_function': 'tanh', 'model__dropout_rate': 0.0, 'model__init': 'glorot_uniform', 'model__learning_rate': 0.01, 'model__neuron1': 16, 'model__neuron2': 4}",0.775609756097561,0.7317073170731707,0.7696078431372549,0.7589749721026622,0.01943621187202361,92
167,9.610890785853067,0.5037387354831508,0.4573727448781331,0.04602131307929674,20,10,tanh,0.0,glorot_uniform,0.01,16,8,"{'batch_size': 20, 'epochs': 10, 'model__activation_function': 'tanh', 'model__dropout_rate': 0.0, 'model__init': 'glorot_uniform', 'model__learning_rate': 0.01, 'model__neuron1': 16, 'model__neuron2': 8}",0.775609756097561,0.7560975609756098,0.7598039215686274,0.7638370795472661,0.008460938170193926,59
168,9.551419814427694,0.5664567094253304,0.4039665063222249,0.00340108774396524,20,10,tanh,0.0,he_uniform,0.001,8,4,"{'batch_size': 20, 'epochs': 10, 'model__activation_function': 'tanh', 'model__dropout_rate': 0.0, 'model__init': 'he_uniform', 'model__learning_rate': 0.001, 'model__neuron1': 8, 'model__neuron2': 4}",0.7170731707317073,0.6634146341463415,0.7647058823529411,0.7150645624103299,0.04137636298946757,233
169,9.146603186925253,0.08411550588872758,0.4038931528727214,0.038840288423570915,20,10,tanh,0.0,he_uniform,0.001,8,8,"{'batch_size': 20, 'epochs': 10, 'model__activation_function': 'tanh', 'model__dropout_rate': 0.0, 'model__init': 'he_uniform', 'model__learning_rate': 0.001, 'model__neuron1': 8, 'model__neuron2': 8}",0.7121951219512195,0.7463414634146341,0.7254901960784313,0.7280089271480951,0.014053496919153717,210
170,9.464714845021566,0.34224229518775184,0.4331647555033366,0.031634327873489,20,10,tanh,0.0,he_uniform,0.001,16,4,"{'batch_size': 20, 'epochs': 10, 'model__activation_function': 'tanh', 'model__dropout_rate': 0.0, 'model__init': 'he_uniform', 'model__learning_rate': 0.001, 'model__neuron1': 16, 'model__neuron2': 4}",0.7902439024390244,0.7463414634146341,0.7696078431372549,0.7687310696636378,0.017933815114946135,24
171,8.36716914176941,1.1005688480551301,0.4414964516957601,0.037263878423865866,20,10,tanh,0.0,he_uniform,0.001,16,8,"{'batch_size': 20, 'epochs': 10, 'model__activation_function': 'tanh', 'model__dropout_rate': 0.0, 'model__init': 'he_uniform', 'model__learning_rate': 0.001, 'model__neuron1': 16, 'model__neuron2': 8}",0.7414634146341463,0.751219512195122,0.7450980392156863,0.7459269886816515,0.004025810710706738,168
172,5.521555423736572,0.8500252294096524,0.45867204666137695,0.022063392688439494,20,10,tanh,0.0,he_uniform,0.01,8,4,"{'batch_size': 20, 'epochs': 10, 'model__activation_function': 'tanh', 'model__dropout_rate': 0.0, 'model__init': 'he_uniform', 'model__learning_rate': 0.01, 'model__neuron1': 8, 'model__neuron2': 4}",0.7658536585365854,0.7609756097560976,0.7647058823529411,0.763845050215208,0.0020824046922120676,56
173,4.60202940305074,0.030750157990653837,0.46349191665649414,0.009864590156931387,20,10,tanh,0.0,he_uniform,0.01,8,8,"{'batch_size': 20, 'epochs': 10, 'model__activation_function': 'tanh', 'model__dropout_rate': 0.0, 'model__init': 'he_uniform', 'model__learning_rate': 0.01, 'model__neuron1': 8, 'model__neuron2': 8}",0.7463414634146341,0.7414634146341463,0.7892156862745098,0.7590068547744301,0.02145349956574855,88
174,4.778031190236409,0.37213960910731414,0.4736486275990804,0.06584955199733816,20,10,tanh,0.0,he_uniform,0.01,16,4,"{'batch_size': 20, 'epochs': 10, 'model__activation_function': 'tanh', 'model__dropout_rate': 0.0, 'model__init': 'he_uniform', 'model__learning_rate': 0.01, 'model__neuron1': 16, 'model__neuron2': 4}",0.7609756097560976,0.7560975609756098,0.7745098039215687,0.763860991551092,0.007788741603640354,54
175,4.576003710428874,0.038087880411384376,0.4449629783630371,0.005550178697299362,20,10,tanh,0.0,he_uniform,0.01,16,8,"{'batch_size': 20, 'epochs': 10, 'model__activation_function': 'tanh', 'model__dropout_rate': 0.0, 'model__init': 'he_uniform', 'model__learning_rate': 0.01, 'model__neuron1': 16, 'model__neuron2': 8}",0.7268292682926829,0.7317073170731707,0.7843137254901961,0.7476167702853499,0.026024971738134763,159
176,4.687786102294922,0.06963740628611481,0.5889043807983398,0.1935600364858757,20,10,tanh,0.2,glorot_uniform,0.001,8,4,"{'batch_size': 20, 'epochs': 10, 'model__activation_function': 'tanh', 'model__dropout_rate': 0.2, 'model__init': 'glorot_uniform', 'model__learning_rate': 0.001, 'model__neuron1': 8, 'model__neuron2': 4}",0.7853658536585366,0.7414634146341463,0.7352941176470589,0.7540411286465806,0.022292657298382926,132
177,4.9235202471415205,0.22847059928668334,0.5522421995798746,0.09906569898448636,20,10,tanh,0.2,glorot_uniform,0.001,8,8,"{'batch_size': 20, 'epochs': 10, 'model__activation_function': 'tanh', 'model__dropout_rate': 0.2, 'model__init': 'glorot_uniform', 'model__learning_rate': 0.001, 'model__neuron1': 8, 'model__neuron2': 8}",0.7365853658536585,0.6682926829268293,0.7647058823529411,0.723194643711143,0.04048341088658698,219
178,5.650913079579671,0.16193934708904645,0.4495719273885091,0.047678749553162994,20,10,tanh,0.2,glorot_uniform,0.001,16,4,"{'batch_size': 20, 'epochs': 10, 'model__activation_function': 'tanh', 'model__dropout_rate': 0.2, 'model__init': 'glorot_uniform', 'model__learning_rate': 0.001, 'model__neuron1': 16, 'model__neuron2': 4}",0.7609756097560976,0.7219512195121951,0.7254901960784313,0.736139008448908,0.01762145779352189,194
179,6.005616664886475,0.6602336123142387,0.49961058298746747,0.033790982596450275,20,10,tanh,0.2,glorot_uniform,0.001,16,8,"{'batch_size': 20, 'epochs': 10, 'model__activation_function': 'tanh', 'model__dropout_rate': 0.2, 'model__init': 'glorot_uniform', 'model__learning_rate': 0.001, 'model__neuron1': 16, 'model__neuron2': 8}",0.7609756097560976,0.7414634146341463,0.7843137254901961,0.7622509166268133,0.017516793672090688,65
180,6.126886526743571,0.1387034758192359,0.5419336954752604,0.01150960474091907,20,10,tanh,0.2,glorot_uniform,0.01,8,4,"{'batch_size': 20, 'epochs': 10, 'model__activation_function': 'tanh', 'model__dropout_rate': 0.2, 'model__init': 'glorot_uniform', 'model__learning_rate': 0.01, 'model__neuron1': 8, 'model__neuron2': 4}",0.7951219512195122,0.7365853658536585,0.7696078431372549,0.7671050534034752,0.023962900824845954,32
181,5.906207879384358,0.026823581445938872,0.4873758951822917,0.057112017595253174,20,10,tanh,0.2,glorot_uniform,0.01,8,8,"{'batch_size': 20, 'epochs': 10, 'model__activation_function': 'tanh', 'model__dropout_rate': 0.2, 'model__init': 'glorot_uniform', 'model__learning_rate': 0.01, 'model__neuron1': 8, 'model__neuron2': 8}",0.7902439024390244,0.7365853658536585,0.7843137254901961,0.7703809979276263,0.0240194408777606,11
182,5.928120692571004,0.12101959136563044,0.6879445711771647,0.0588422845124429,20,10,tanh,0.2,glorot_uniform,0.01,16,4,"{'batch_size': 20, 'epochs': 10, 'model__activation_function': 'tanh', 'model__dropout_rate': 0.2, 'model__init': 'glorot_uniform', 'model__learning_rate': 0.01, 'model__neuron1': 16, 'model__neuron2': 4}",0.7658536585365854,0.751219512195122,0.7696078431372549,0.7622270046229874,0.00793293315514982,70
183,6.181137879689534,0.21249390528214598,0.42386817932128906,0.018205857994812516,20,10,tanh,0.2,glorot_uniform,0.01,16,8,"{'batch_size': 20, 'epochs': 10, 'model__activation_function': 'tanh', 'model__dropout_rate': 0.2, 'model__init': 'glorot_uniform', 'model__learning_rate': 0.01, 'model__neuron1': 16, 'model__neuron2': 8}",0.775609756097561,0.7365853658536585,0.7941176470588235,0.7687709230033476,0.023980103888229576,17
184,6.117311239242554,0.1412577886544011,0.4583933353424072,0.03268908578340299,20,10,tanh,0.2,he_uniform,0.001,8,4,"{'batch_size': 20, 'epochs': 10, 'model__activation_function': 'tanh', 'model__dropout_rate': 0.2, 'model__init': 'he_uniform', 'model__learning_rate': 0.001, 'model__neuron1': 8, 'model__neuron2': 4}",0.7414634146341463,0.7317073170731707,0.7058823529411765,0.7263510282161646,0.015011559113774015,212
185,6.055736223856608,0.024713541488330003,0.43747830390930176,0.055225748491409724,20,10,tanh,0.2,he_uniform,0.001,8,8,"{'batch_size': 20, 'epochs': 10, 'model__activation_function': 'tanh', 'model__dropout_rate': 0.2, 'model__init': 'he_uniform', 'model__learning_rate': 0.001, 'model__neuron1': 8, 'model__neuron2': 8}",0.7658536585365854,0.6780487804878049,0.7401960784313726,0.728032839151921,0.03686355422018879,209
186,6.44626784324646,0.02741844055656899,0.44954387346903485,0.054913986316218605,20,10,tanh,0.2,he_uniform,0.001,16,4,"{'batch_size': 20, 'epochs': 10, 'model__activation_function': 'tanh', 'model__dropout_rate': 0.2, 'model__init': 'he_uniform', 'model__learning_rate': 0.001, 'model__neuron1': 16, 'model__neuron2': 4}",0.751219512195122,0.7317073170731707,0.7745098039215687,0.7524788777299537,0.01749671819255564,135
187,6.248472690582275,0.17050509031634783,0.45597100257873535,0.03978015970294961,20,10,tanh,0.2,he_uniform,0.001,16,8,"{'batch_size': 20, 'epochs': 10, 'model__activation_function': 'tanh', 'model__dropout_rate': 0.2, 'model__init': 'he_uniform', 'model__learning_rate': 0.001, 'model__neuron1': 16, 'model__neuron2': 8}",0.7219512195121951,0.7414634146341463,0.7647058823529411,0.7427068388330942,0.017476648734055855,178
188,6.164906660715739,0.10653314090844618,0.43746185302734375,0.03520057499032653,20,10,tanh,0.2,he_uniform,0.01,8,4,"{'batch_size': 20, 'epochs': 10, 'model__activation_function': 'tanh', 'model__dropout_rate': 0.2, 'model__init': 'he_uniform', 'model__learning_rate': 0.01, 'model__neuron1': 8, 'model__neuron2': 4}",0.751219512195122,0.7121951219512195,0.7647058823529411,0.7427068388330942,0.022266479969050453,178
189,5.983254273732503,0.11726480578769258,0.44627006848653156,0.055206378084128316,20,10,tanh,0.2,he_uniform,0.01,8,8,"{'batch_size': 20, 'epochs': 10, 'model__activation_function': 'tanh', 'model__dropout_rate': 0.2, 'model__init': 'he_uniform', 'model__learning_rate': 0.01, 'model__neuron1': 8, 'model__neuron2': 8}",0.7707317073170732,0.7560975609756098,0.7696078431372549,0.7654790371433126,0.006649553317707504,43
190,5.607894738515218,0.18431398685949035,0.46547381083170575,0.03320015379187498,20,10,tanh,0.2,he_uniform,0.01,16,4,"{'batch_size': 20, 'epochs': 10, 'model__activation_function': 'tanh', 'model__dropout_rate': 0.2, 'model__init': 'he_uniform', 'model__learning_rate': 0.01, 'model__neuron1': 16, 'model__neuron2': 4}",0.7853658536585366,0.751219512195122,0.7745098039215687,0.7703650565917424,0.014244937268028578,14
191,5.396457751592,0.07588435067002225,0.40381399790445965,0.032414317629055174,20,10,tanh,0.2,he_uniform,0.01,16,8,"{'batch_size': 20, 'epochs': 10, 'model__activation_function': 'tanh', 'model__dropout_rate': 0.2, 'model__init': 'he_uniform', 'model__learning_rate': 0.01, 'model__neuron1': 16, 'model__neuron2': 8}",0.7463414634146341,0.751219512195122,0.7941176470588235,0.7638928742228598,0.02146472314776671,50
192,16.54734508196513,0.39003558181440134,0.57991623878479,0.17619708269952328,20,50,relu,0.0,glorot_uniform,0.001,8,4,"{'batch_size': 20, 'epochs': 50, 'model__activation_function': 'relu', 'model__dropout_rate': 0.0, 'model__init': 'glorot_uniform', 'model__learning_rate': 0.001, 'model__neuron1': 8, 'model__neuron2': 4}",0.7365853658536585,0.7268292682926829,0.7843137254901961,0.7492427865455125,0.02511670664121274,152
193,16.323768854141235,0.27324650489993924,0.47161340713500977,0.1074499030234428,20,50,relu,0.0,glorot_uniform,0.001,8,8,"{'batch_size': 20, 'epochs': 50, 'model__activation_function': 'relu', 'model__dropout_rate': 0.0, 'model__init': 'glorot_uniform', 'model__learning_rate': 0.001, 'model__neuron1': 8, 'model__neuron2': 8}",0.7463414634146341,0.7560975609756098,0.7941176470588235,0.7655188904830225,0.020610871211834792,38
194,16.156985362370808,0.15260067412033926,0.40085673332214355,0.002630779903762769,20,50,relu,0.0,glorot_uniform,0.001,16,4,"{'batch_size': 20, 'epochs': 50, 'model__activation_function': 'relu', 'model__dropout_rate': 0.0, 'model__init': 'glorot_uniform', 'model__learning_rate': 0.001, 'model__neuron1': 16, 'model__neuron2': 4}",0.7609756097560976,0.751219512195122,0.7647058823529411,0.7589670014347202,0.005686031161244115,95
195,16.35042691230774,0.5720794661479097,0.46042490005493164,0.03893660736130237,20,50,relu,0.0,glorot_uniform,0.001,16,8,"{'batch_size': 20, 'epochs': 50, 'model__activation_function': 'relu', 'model__dropout_rate': 0.0, 'model__init': 'glorot_uniform', 'model__learning_rate': 0.001, 'model__neuron1': 16, 'model__neuron2': 8}",0.7951219512195122,0.7463414634146341,0.7598039215686274,0.7670891120675912,0.020570034809160465,36
196,16.307132879892986,0.13989200529005733,0.4351649284362793,0.020715710049969235,20,50,relu,0.0,glorot_uniform,0.01,8,4,"{'batch_size': 20, 'epochs': 50, 'model__activation_function': 'relu', 'model__dropout_rate': 0.0, 'model__init': 'glorot_uniform', 'model__learning_rate': 0.01, 'model__neuron1': 8, 'model__neuron2': 4}",0.7463414634146341,0.7560975609756098,0.7303921568627451,0.7442770604176631,0.01059522754048092,175
197,16.420412063598633,0.3756461534068629,0.45230547587076825,0.018614139769426514,20,50,relu,0.0,glorot_uniform,0.01,8,8,"{'batch_size': 20, 'epochs': 50, 'model__activation_function': 'relu', 'model__dropout_rate': 0.0, 'model__init': 'glorot_uniform', 'model__learning_rate': 0.01, 'model__neuron1': 8, 'model__neuron2': 8}",0.7268292682926829,0.7365853658536585,0.7352941176470589,0.7329029172644668,0.004326949607371617,198
198,16.33939226468404,0.14118252448649668,0.4740072886149089,0.027201335238419583,20,50,relu,0.0,glorot_uniform,0.01,16,4,"{'batch_size': 20, 'epochs': 50, 'model__activation_function': 'relu', 'model__dropout_rate': 0.0, 'model__init': 'glorot_uniform', 'model__learning_rate': 0.01, 'model__neuron1': 16, 'model__neuron2': 4}",0.7365853658536585,0.7414634146341463,0.6911764705882353,0.7230750836920133,0.02264346820365051,222
199,16.86320646603902,0.13949855709332795,0.4901762008666992,0.010487696874651006,20,50,relu,0.0,glorot_uniform,0.01,16,8,"{'batch_size': 20, 'epochs': 50, 'model__activation_function': 'relu', 'model__dropout_rate': 0.0, 'model__init': 'glorot_uniform', 'model__learning_rate': 0.01, 'model__neuron1': 16, 'model__neuron2': 8}",0.7170731707317073,0.6878048780487804,0.6862745098039216,0.6970508528614697,0.014171695180037396,245
200,16.991642157236736,0.24880795800578026,0.4495088259379069,0.04590014635855825,20,50,relu,0.0,he_uniform,0.001,8,4,"{'batch_size': 20, 'epochs': 50, 'model__activation_function': 'relu', 'model__dropout_rate': 0.0, 'model__init': 'he_uniform', 'model__learning_rate': 0.001, 'model__neuron1': 8, 'model__neuron2': 4}",0.7804878048780488,0.7268292682926829,0.7598039215686274,0.755706998246453,0.02209673011483215,121
201,16.462090889612835,0.3804889826514657,0.4635883967081706,0.007655760450196453,20,50,relu,0.0,he_uniform,0.001,8,8,"{'batch_size': 20, 'epochs': 50, 'model__activation_function': 'relu', 'model__dropout_rate': 0.0, 'model__init': 'he_uniform', 'model__learning_rate': 0.001, 'model__neuron1': 8, 'model__neuron2': 8}",0.7219512195121951,0.7609756097560976,0.7696078431372549,0.7508448908018491,0.020732615910405972,142
202,17.728628635406494,1.0465680696058925,0.4900840123494466,0.01913422224807546,20,50,relu,0.0,he_uniform,0.001,16,4,"{'batch_size': 20, 'epochs': 50, 'model__activation_function': 'relu', 'model__dropout_rate': 0.0, 'model__init': 'he_uniform', 'model__learning_rate': 0.001, 'model__neuron1': 16, 'model__neuron2': 4}",0.7560975609756098,0.7463414634146341,0.75,0.7508130081300813,0.004024184933581982,148
203,17.787163098653156,0.3163051833237532,0.4634842077891032,0.061709192785993336,20,50,relu,0.0,he_uniform,0.001,16,8,"{'batch_size': 20, 'epochs': 50, 'model__activation_function': 'relu', 'model__dropout_rate': 0.0, 'model__init': 'he_uniform', 'model__learning_rate': 0.001, 'model__neuron1': 16, 'model__neuron2': 8}",0.7219512195121951,0.7658536585365854,0.7598039215686274,0.7492029332058027,0.019427502048627466,154
204,17.729639132817585,0.1150627925805056,0.3971932729085286,0.04328918371518672,20,50,relu,0.0,he_uniform,0.01,8,4,"{'batch_size': 20, 'epochs': 50, 'model__activation_function': 'relu', 'model__dropout_rate': 0.0, 'model__init': 'he_uniform', 'model__learning_rate': 0.01, 'model__neuron1': 8, 'model__neuron2': 4}",0.7317073170731707,0.7317073170731707,0.7303921568627451,0.7312689303363622,0.00061997246875914,201
205,17.793320099512737,0.06406144655444282,0.420398473739624,0.008097007222269938,20,50,relu,0.0,he_uniform,0.01,8,8,"{'batch_size': 20, 'epochs': 50, 'model__activation_function': 'relu', 'model__dropout_rate': 0.0, 'model__init': 'he_uniform', 'model__learning_rate': 0.01, 'model__neuron1': 8, 'model__neuron2': 8}",0.7121951219512195,0.7219512195121951,0.7156862745098039,0.7166108719910729,0.0040362127695481404,231
206,18.17680835723877,0.5861473087866248,0.48835062980651855,0.08120242852454064,20,50,relu,0.0,he_uniform,0.01,16,4,"{'batch_size': 20, 'epochs': 50, 'model__activation_function': 'relu', 'model__dropout_rate': 0.0, 'model__init': 'he_uniform', 'model__learning_rate': 0.01, 'model__neuron1': 16, 'model__neuron2': 4}",0.7463414634146341,0.7609756097560976,0.696078431372549,0.7344651681810935,0.02779323337183825,196
207,18.333134810129803,0.293449299151696,0.5205582777659098,0.06713490615913004,20,50,relu,0.0,he_uniform,0.01,16,8,"{'batch_size': 20, 'epochs': 50, 'model__activation_function': 'relu', 'model__dropout_rate': 0.0, 'model__init': 'he_uniform', 'model__learning_rate': 0.01, 'model__neuron1': 16, 'model__neuron2': 8}",0.7560975609756098,0.7707317073170732,0.6911764705882353,0.7393352462936393,0.03457349965767046,187
208,18.927395184834797,0.12805482953325,0.415233850479126,0.07979071253932979,20,50,relu,0.2,glorot_uniform,0.001,8,4,"{'batch_size': 20, 'epochs': 50, 'model__activation_function': 'relu', 'model__dropout_rate': 0.2, 'model__init': 'glorot_uniform', 'model__learning_rate': 0.001, 'model__neuron1': 8, 'model__neuron2': 4}",0.8,0.7219512195121951,0.7450980392156863,0.7556830862426271,0.03273057132947017,124
209,18.985191027323406,0.3093523898838359,0.5412678718566895,0.07890423344489421,20,50,relu,0.2,glorot_uniform,0.001,8,8,"{'batch_size': 20, 'epochs': 50, 'model__activation_function': 'relu', 'model__dropout_rate': 0.2, 'model__init': 'glorot_uniform', 'model__learning_rate': 0.001, 'model__neuron1': 8, 'model__neuron2': 8}",0.7609756097560976,0.7609756097560976,0.7794117647058824,0.7671209947393591,0.008690886789332506,30
210,18.742639780044556,0.2780031139964545,0.5820237795511881,0.04462053463620193,20,50,relu,0.2,glorot_uniform,0.001,16,4,"{'batch_size': 20, 'epochs': 50, 'model__activation_function': 'relu', 'model__dropout_rate': 0.2, 'model__init': 'glorot_uniform', 'model__learning_rate': 0.001, 'model__neuron1': 16, 'model__neuron2': 4}",0.7853658536585366,0.7414634146341463,0.7549019607843137,0.7605770763589988,0.018366840422567737,82
211,19.42188835144043,0.3963655214458403,0.5938376585642496,0.05393698170094402,20,50,relu,0.2,glorot_uniform,0.001,16,8,"{'batch_size': 20, 'epochs': 50, 'model__activation_function': 'relu', 'model__dropout_rate': 0.2, 'model__init': 'glorot_uniform', 'model__learning_rate': 0.001, 'model__neuron1': 16, 'model__neuron2': 8}",0.751219512195122,0.7317073170731707,0.7647058823529411,0.7492109038737446,0.013546271520787483,153
212,19.26513679822286,0.21184983252291184,0.5996460914611816,0.0947338037137066,20,50,relu,0.2,glorot_uniform,0.01,8,4,"{'batch_size': 20, 'epochs': 50, 'model__activation_function': 'relu', 'model__dropout_rate': 0.2, 'model__init': 'glorot_uniform', 'model__learning_rate': 0.01, 'model__neuron1': 8, 'model__neuron2': 4}",0.7219512195121951,0.775609756097561,0.75,0.7491869918699187,0.02191354792185946,156
213,17.850942134857178,1.3053529038715033,0.6731007099151611,0.12877048857542578,20,50,relu,0.2,glorot_uniform,0.01,8,8,"{'batch_size': 20, 'epochs': 50, 'model__activation_function': 'relu', 'model__dropout_rate': 0.2, 'model__init': 'glorot_uniform', 'model__learning_rate': 0.01, 'model__neuron1': 8, 'model__neuron2': 8}",0.7853658536585366,0.7317073170731707,0.7696078431372549,0.7622270046229874,0.022519135862654437,70
214,17.551807085673016,0.13635439698117252,0.38133804003397626,0.017986756608247046,20,50,relu,0.2,glorot_uniform,0.01,16,4,"{'batch_size': 20, 'epochs': 50, 'model__activation_function': 'relu', 'model__dropout_rate': 0.2, 'model__init': 'glorot_uniform', 'model__learning_rate': 0.01, 'model__neuron1': 16, 'model__neuron2': 4}",0.7365853658536585,0.7609756097560976,0.7009803921568627,0.7328471225888729,0.024635169720339817,200
215,17.858508745829266,0.2026068328409604,0.6319359143575033,0.171648412038745,20,50,relu,0.2,glorot_uniform,0.01,16,8,"{'batch_size': 20, 'epochs': 50, 'model__activation_function': 'relu', 'model__dropout_rate': 0.2, 'model__init': 'glorot_uniform', 'model__learning_rate': 0.01, 'model__neuron1': 16, 'model__neuron2': 8}",0.7609756097560976,0.7414634146341463,0.7794117647058824,0.7606169296987088,0.015494424950702607,78
216,17.86160445213318,0.46059456228392276,0.6314276059468588,0.19246182960629804,20,50,relu,0.2,he_uniform,0.001,8,4,"{'batch_size': 20, 'epochs': 50, 'model__activation_function': 'relu', 'model__dropout_rate': 0.2, 'model__init': 'he_uniform', 'model__learning_rate': 0.001, 'model__neuron1': 8, 'model__neuron2': 4}",0.7951219512195122,0.751219512195122,0.7352941176470589,0.7605451936872311,0.025299126058192782,86
217,18.054535230000813,0.4743591121505544,0.5093908309936523,0.09486037185558654,20,50,relu,0.2,he_uniform,0.001,8,8,"{'batch_size': 20, 'epochs': 50, 'model__activation_function': 'relu', 'model__dropout_rate': 0.2, 'model__init': 'he_uniform', 'model__learning_rate': 0.001, 'model__neuron1': 8, 'model__neuron2': 8}",0.8097560975609757,0.6878048780487804,0.7254901960784313,0.7410170572293958,0.05098259538331948,184
218,18.10135269165039,0.10133908707753275,0.6499954064687093,0.20008419309898878,20,50,relu,0.2,he_uniform,0.001,16,4,"{'batch_size': 20, 'epochs': 50, 'model__activation_function': 'relu', 'model__dropout_rate': 0.2, 'model__init': 'he_uniform', 'model__learning_rate': 0.001, 'model__neuron1': 16, 'model__neuron2': 4}",0.751219512195122,0.7414634146341463,0.7696078431372549,0.7540969233221744,0.011668671305029037,125
219,18.43432092666626,0.07742695614929862,0.5243913332621256,0.012758593384303447,20,50,relu,0.2,he_uniform,0.001,16,8,"{'batch_size': 20, 'epochs': 50, 'model__activation_function': 'relu', 'model__dropout_rate': 0.2, 'model__init': 'he_uniform', 'model__learning_rate': 0.001, 'model__neuron1': 16, 'model__neuron2': 8}",0.7560975609756098,0.751219512195122,0.7794117647058824,0.7622429459588713,0.012302441298430486,67
220,18.57007376352946,0.30836347182623725,0.417723814646403,0.059624270930270784,20,50,relu,0.2,he_uniform,0.01,8,4,"{'batch_size': 20, 'epochs': 50, 'model__activation_function': 'relu', 'model__dropout_rate': 0.2, 'model__init': 'he_uniform', 'model__learning_rate': 0.01, 'model__neuron1': 8, 'model__neuron2': 4}",0.7560975609756098,0.7560975609756098,0.7058823529411765,0.7393591582974653,0.023671676079893966,186
221,18.47958501180013,0.5518236024690328,0.4453568458557129,0.11460837361529161,20,50,relu,0.2,he_uniform,0.01,8,8,"{'batch_size': 20, 'epochs': 50, 'model__activation_function': 'relu', 'model__dropout_rate': 0.2, 'model__init': 'he_uniform', 'model__learning_rate': 0.01, 'model__neuron1': 8, 'model__neuron2': 8}",0.8,0.7560975609756098,0.7549019607843137,0.7703331739199745,0.020983291642021902,15
222,18.579041401545208,0.16442774706839539,0.5357975165049235,0.05534766186442183,20,50,relu,0.2,he_uniform,0.01,16,4,"{'batch_size': 20, 'epochs': 50, 'model__activation_function': 'relu', 'model__dropout_rate': 0.2, 'model__init': 'he_uniform', 'model__learning_rate': 0.01, 'model__neuron1': 16, 'model__neuron2': 4}",0.751219512195122,0.7414634146341463,0.75,0.7475609756097561,0.004340275712207854,162
223,18.604934453964233,0.4471595811277864,0.4452853202819824,0.044217279301226875,20,50,relu,0.2,he_uniform,0.01,16,8,"{'batch_size': 20, 'epochs': 50, 'model__activation_function': 'relu', 'model__dropout_rate': 0.2, 'model__init': 'he_uniform', 'model__learning_rate': 0.01, 'model__neuron1': 16, 'model__neuron2': 8}",0.7902439024390244,0.7170731707317073,0.7549019607843137,0.7540730113183485,0.029877576458596164,130
224,18.02912402153015,0.4593887771563467,0.7820444107055664,0.24951347038642185,20,50,tanh,0.0,glorot_uniform,0.001,8,4,"{'batch_size': 20, 'epochs': 50, 'model__activation_function': 'tanh', 'model__dropout_rate': 0.0, 'model__init': 'glorot_uniform', 'model__learning_rate': 0.001, 'model__neuron1': 8, 'model__neuron2': 4}",0.7707317073170732,0.7121951219512195,0.7843137254901961,0.7557468515861628,0.03129092168728994,112
225,18.72484056154887,0.2560090467730594,0.4303262233734131,0.006421491221861584,20,50,tanh,0.0,glorot_uniform,0.001,8,8,"{'batch_size': 20, 'epochs': 50, 'model__activation_function': 'tanh', 'model__dropout_rate': 0.0, 'model__init': 'glorot_uniform', 'model__learning_rate': 0.001, 'model__neuron1': 8, 'model__neuron2': 8}",0.775609756097561,0.7414634146341463,0.7892156862745098,0.7687629523354057,0.02008695933554674,19
226,18.46800931294759,0.17925653009368098,0.3986390431722005,0.009897686315439086,20,50,tanh,0.0,glorot_uniform,0.001,16,4,"{'batch_size': 20, 'epochs': 50, 'model__activation_function': 'tanh', 'model__dropout_rate': 0.0, 'model__init': 'glorot_uniform', 'model__learning_rate': 0.001, 'model__neuron1': 16, 'model__neuron2': 4}",0.7902439024390244,0.7317073170731707,0.7843137254901961,0.7687549816674637,0.026308285622334882,20
227,18.314114888509113,0.006543921597868722,0.4035153388977051,0.037749094507166736,20,50,tanh,0.0,glorot_uniform,0.001,16,8,"{'batch_size': 20, 'epochs': 50, 'model__activation_function': 'tanh', 'model__dropout_rate': 0.0, 'model__init': 'glorot_uniform', 'model__learning_rate': 0.001, 'model__neuron1': 16, 'model__neuron2': 8}",0.7853658536585366,0.7268292682926829,0.8088235294117647,0.7736728837876615,0.03448003163588011,6
228,18.436617136001587,0.17789846271960455,0.45346347490946454,0.009910114578940941,20,50,tanh,0.0,glorot_uniform,0.01,8,4,"{'batch_size': 20, 'epochs': 50, 'model__activation_function': 'tanh', 'model__dropout_rate': 0.0, 'model__init': 'glorot_uniform', 'model__learning_rate': 0.01, 'model__neuron1': 8, 'model__neuron2': 4}",0.7560975609756098,0.7073170731707317,0.7450980392156863,0.7361708911206759,0.02089105833370106,192
229,17.991220633188885,0.36835506913760935,0.4405961831410726,0.017096316858366146,20,50,tanh,0.0,glorot_uniform,0.01,8,8,"{'batch_size': 20, 'epochs': 50, 'model__activation_function': 'tanh', 'model__dropout_rate': 0.0, 'model__init': 'glorot_uniform', 'model__learning_rate': 0.01, 'model__neuron1': 8, 'model__neuron2': 8}",0.7463414634146341,0.751219512195122,0.7647058823529411,0.7540889526542324,0.007766948656398557,127
230,18.47310956319173,0.7133032072377264,0.5775920550028483,0.07377132408351715,20,50,tanh,0.0,glorot_uniform,0.01,16,4,"{'batch_size': 20, 'epochs': 50, 'model__activation_function': 'tanh', 'model__dropout_rate': 0.0, 'model__init': 'glorot_uniform', 'model__learning_rate': 0.01, 'model__neuron1': 16, 'model__neuron2': 4}",0.7219512195121951,0.7121951219512195,0.7107843137254902,0.7149768850629683,0.004965118375205195,234
231,19.178581317265827,0.2985053785722079,0.6512025992075602,0.04093850393392091,20,50,tanh,0.0,glorot_uniform,0.01,16,8,"{'batch_size': 20, 'epochs': 50, 'model__activation_function': 'tanh', 'model__dropout_rate': 0.0, 'model__init': 'glorot_uniform', 'model__learning_rate': 0.01, 'model__neuron1': 16, 'model__neuron2': 8}",0.6829268292682927,0.7268292682926829,0.7450980392156863,0.7182847122588872,0.026090508043369928,229
232,19.215643167495728,0.15985016334012306,0.5175758997599283,0.19414879891860018,20,50,tanh,0.0,he_uniform,0.001,8,4,"{'batch_size': 20, 'epochs': 50, 'model__activation_function': 'tanh', 'model__dropout_rate': 0.0, 'model__init': 'he_uniform', 'model__learning_rate': 0.001, 'model__neuron1': 8, 'model__neuron2': 4}",0.7609756097560976,0.7560975609756098,0.7843137254901961,0.7671289654073011,0.012313564994379139,28
233,19.028086344401043,0.12320203136251429,0.4157680670420329,0.008182997959769662,20,50,tanh,0.0,he_uniform,0.001,8,8,"{'batch_size': 20, 'epochs': 50, 'model__activation_function': 'tanh', 'model__dropout_rate': 0.0, 'model__init': 'he_uniform', 'model__learning_rate': 0.001, 'model__neuron1': 8, 'model__neuron2': 8}",0.7609756097560976,0.7414634146341463,0.7745098039215687,0.7589829427706042,0.013564512585426026,90
234,18.143572568893433,0.7934335279815286,0.4811422824859619,0.036301100759874895,20,50,tanh,0.0,he_uniform,0.001,16,4,"{'batch_size': 20, 'epochs': 50, 'model__activation_function': 'tanh', 'model__dropout_rate': 0.0, 'model__init': 'he_uniform', 'model__learning_rate': 0.001, 'model__neuron1': 16, 'model__neuron2': 4}",0.7609756097560976,0.7268292682926829,0.7647058823529411,0.7508369201339072,0.01704414354177158,144
235,17.647313912709553,0.5490751340893232,0.6749892234802246,0.1431312905310808,20,50,tanh,0.0,he_uniform,0.001,16,8,"{'batch_size': 20, 'epochs': 50, 'model__activation_function': 'tanh', 'model__dropout_rate': 0.0, 'model__init': 'he_uniform', 'model__learning_rate': 0.001, 'model__neuron1': 16, 'model__neuron2': 8}",0.7853658536585366,0.7463414634146341,0.7843137254901961,0.7720070141877889,0.01815336728704795,10
236,17.915262460708618,0.19632708501417082,0.5515284538269043,0.04952764786138183,20,50,tanh,0.0,he_uniform,0.01,8,4,"{'batch_size': 20, 'epochs': 50, 'model__activation_function': 'tanh', 'model__dropout_rate': 0.0, 'model__init': 'he_uniform', 'model__learning_rate': 0.01, 'model__neuron1': 8, 'model__neuron2': 4}",0.751219512195122,0.6829268292682927,0.7107843137254902,0.7149768850629683,0.028037544782558856,234
237,17.962193091710407,0.15087797541009926,0.666430393854777,0.09045997282166808,20,50,tanh,0.0,he_uniform,0.01,8,8,"{'batch_size': 20, 'epochs': 50, 'model__activation_function': 'tanh', 'model__dropout_rate': 0.0, 'model__init': 'he_uniform', 'model__learning_rate': 0.01, 'model__neuron1': 8, 'model__neuron2': 8}",0.7317073170731707,0.7268292682926829,0.7107843137254902,0.7231069663637814,0.008938108152146098,221
238,18.512611945470173,0.8108626191049455,0.602258046468099,0.13699109514129854,20,50,tanh,0.0,he_uniform,0.01,16,4,"{'batch_size': 20, 'epochs': 50, 'model__activation_function': 'tanh', 'model__dropout_rate': 0.0, 'model__init': 'he_uniform', 'model__learning_rate': 0.01, 'model__neuron1': 16, 'model__neuron2': 4}",0.751219512195122,0.7268292682926829,0.7009803921568627,0.7263430575482225,0.020512916194773106,215
239,19.101316690444946,0.06295505141883008,0.4733587106068929,0.01909646157519435,20,50,tanh,0.0,he_uniform,0.01,16,8,"{'batch_size': 20, 'epochs': 50, 'model__activation_function': 'tanh', 'model__dropout_rate': 0.0, 'model__init': 'he_uniform', 'model__learning_rate': 0.01, 'model__neuron1': 16, 'model__neuron2': 8}",0.7463414634146341,0.697560975609756,0.6764705882352942,0.7067910090865613,0.029261806028438486,239
240,19.529698928197224,0.14912545512581854,0.4649342695871989,0.021116762633328345,20,50,tanh,0.2,glorot_uniform,0.001,8,4,"{'batch_size': 20, 'epochs': 50, 'model__activation_function': 'tanh', 'model__dropout_rate': 0.2, 'model__init': 'glorot_uniform', 'model__learning_rate': 0.001, 'model__neuron1': 8, 'model__neuron2': 4}",0.7902439024390244,0.7463414634146341,0.7696078431372549,0.7687310696636378,0.017933815114946135,24
241,18.791144450505573,0.23632680174416842,0.643873929977417,0.24754880217920935,20,50,tanh,0.2,glorot_uniform,0.001,8,8,"{'batch_size': 20, 'epochs': 50, 'model__activation_function': 'tanh', 'model__dropout_rate': 0.2, 'model__init': 'glorot_uniform', 'model__learning_rate': 0.001, 'model__neuron1': 8, 'model__neuron2': 8}",0.775609756097561,0.751219512195122,0.7745098039215687,0.7671130240714171,0.011247377872755385,31
242,19.022345542907715,0.3554100677067843,1.214089314142863,0.7730112391500784,20,50,tanh,0.2,glorot_uniform,0.001,16,4,"{'batch_size': 20, 'epochs': 50, 'model__activation_function': 'tanh', 'model__dropout_rate': 0.2, 'model__init': 'glorot_uniform', 'model__learning_rate': 0.001, 'model__neuron1': 16, 'model__neuron2': 4}",0.7658536585365854,0.7414634146341463,0.7843137254901961,0.7638769328869759,0.017549318473669025,51
243,19.798047224680584,0.14982378062529364,0.9753394921620687,0.5706799231038521,20,50,tanh,0.2,glorot_uniform,0.001,16,8,"{'batch_size': 20, 'epochs': 50, 'model__activation_function': 'tanh', 'model__dropout_rate': 0.2, 'model__init': 'glorot_uniform', 'model__learning_rate': 0.001, 'model__neuron1': 16, 'model__neuron2': 8}",0.775609756097561,0.7268292682926829,0.7696078431372549,0.7573489558424996,0.02171933448795643,105
244,20.347595771153767,0.5342643746359798,0.9404533704121908,0.6403476139397526,20,50,tanh,0.2,glorot_uniform,0.01,8,4,"{'batch_size': 20, 'epochs': 50, 'model__activation_function': 'tanh', 'model__dropout_rate': 0.2, 'model__init': 'glorot_uniform', 'model__learning_rate': 0.01, 'model__neuron1': 8, 'model__neuron2': 4}",0.7804878048780488,0.7317073170731707,0.7745098039215687,0.7622349752909293,0.021723835773241273,68
245,20.514601469039917,0.573575374496722,0.6660214265187582,0.06608895467825787,20,50,tanh,0.2,glorot_uniform,0.01,8,8,"{'batch_size': 20, 'epochs': 50, 'model__activation_function': 'tanh', 'model__dropout_rate': 0.2, 'model__init': 'glorot_uniform', 'model__learning_rate': 0.01, 'model__neuron1': 8, 'model__neuron2': 8}",0.7463414634146341,0.751219512195122,0.7598039215686274,0.7524549657261278,0.0055650219500891565,137
246,20.803028345108032,0.2692282546256683,0.5081948439280192,0.03704232446933252,20,50,tanh,0.2,glorot_uniform,0.01,16,4,"{'batch_size': 20, 'epochs': 50, 'model__activation_function': 'tanh', 'model__dropout_rate': 0.2, 'model__init': 'glorot_uniform', 'model__learning_rate': 0.01, 'model__neuron1': 16, 'model__neuron2': 4}",0.7658536585365854,0.7463414634146341,0.7647058823529411,0.7589670014347202,0.008939892067372866,95
247,20.527169942855835,0.06168336205297769,0.5161197185516357,0.010335469132219801,20,50,tanh,0.2,glorot_uniform,0.01,16,8,"{'batch_size': 20, 'epochs': 50, 'model__activation_function': 'tanh', 'model__dropout_rate': 0.2, 'model__init': 'glorot_uniform', 'model__learning_rate': 0.01, 'model__neuron1': 16, 'model__neuron2': 8}",0.7853658536585366,0.7414634146341463,0.7598039215686274,0.7622110632871034,0.018003736399466223,75
248,20.602983872095745,0.2576719289253053,0.5192386309305826,0.021167032855726582,20,50,tanh,0.2,he_uniform,0.001,8,4,"{'batch_size': 20, 'epochs': 50, 'model__activation_function': 'tanh', 'model__dropout_rate': 0.2, 'model__init': 'he_uniform', 'model__learning_rate': 0.001, 'model__neuron1': 8, 'model__neuron2': 4}",0.7609756097560976,0.7219512195121951,0.7843137254901961,0.7557468515861628,0.02572645165277424,112
249,20.234864870707195,0.29943402265667807,0.32909806569417316,0.10193237946902203,20,50,tanh,0.2,he_uniform,0.001,8,8,"{'batch_size': 20, 'epochs': 50, 'model__activation_function': 'tanh', 'model__dropout_rate': 0.2, 'model__init': 'he_uniform', 'model__learning_rate': 0.001, 'model__neuron1': 8, 'model__neuron2': 8}",0.7609756097560976,0.7268292682926829,0.75,0.7459349593495935,0.014233448292692368,167
250,19.411021153132122,0.25936396114372273,0.29120739301045734,0.021462039213771166,20,50,tanh,0.2,he_uniform,0.001,16,4,"{'batch_size': 20, 'epochs': 50, 'model__activation_function': 'tanh', 'model__dropout_rate': 0.2, 'model__init': 'he_uniform', 'model__learning_rate': 0.001, 'model__neuron1': 16, 'model__neuron2': 4}",0.7804878048780488,0.7463414634146341,0.7794117647058824,0.7687470109995217,0.015849203713899463,23
251,19.56356080373128,0.35416333928155797,0.2586663564046224,0.008562295890240853,20,50,tanh,0.2,he_uniform,0.001,16,8,"{'batch_size': 20, 'epochs': 50, 'model__activation_function': 'tanh', 'model__dropout_rate': 0.2, 'model__init': 'he_uniform', 'model__learning_rate': 0.001, 'model__neuron1': 16, 'model__neuron2': 8}",0.7560975609756098,0.7317073170731707,0.7647058823529411,0.7508369201339072,0.01397574289450258,144
252,18.166125694910686,0.2871593506319045,0.5155410766601562,0.24601102996060054,20,50,tanh,0.2,he_uniform,0.01,8,4,"{'batch_size': 20, 'epochs': 50, 'model__activation_function': 'tanh', 'model__dropout_rate': 0.2, 'model__init': 'he_uniform', 'model__learning_rate': 0.01, 'model__neuron1': 8, 'model__neuron2': 4}",0.7317073170731707,0.7365853658536585,0.7696078431372549,0.7459668420213613,0.016834914915089705,164
253,17.08382813135783,0.4144347274850209,0.24376710255940756,0.005796278010441503,20,50,tanh,0.2,he_uniform,0.01,8,8,"{'batch_size': 20, 'epochs': 50, 'model__activation_function': 'tanh', 'model__dropout_rate': 0.2, 'model__init': 'he_uniform', 'model__learning_rate': 0.01, 'model__neuron1': 8, 'model__neuron2': 8}",0.7804878048780488,0.7414634146341463,0.7598039215686274,0.7605850470269409,0.015941212338115247,81
254,16.634894529978435,0.406207644383092,0.14823079109191895,0.005945845911533133,20,50,tanh,0.2,he_uniform,0.01,16,4,"{'batch_size': 20, 'epochs': 50, 'model__activation_function': 'tanh', 'model__dropout_rate': 0.2, 'model__init': 'he_uniform', 'model__learning_rate': 0.01, 'model__neuron1': 16, 'model__neuron2': 4}",0.7707317073170732,0.7317073170731707,0.7745098039215687,0.7589829427706042,0.0193483560262553,90
255,15.595517237981161,0.07687401353119086,0.15156920750935873,0.0028838006093690025,20,50,tanh,0.2,he_uniform,0.01,16,8,"{'batch_size': 20, 'epochs': 50, 'model__activation_function': 'tanh', 'model__dropout_rate': 0.2, 'model__init': 'he_uniform', 'model__learning_rate': 0.01, 'model__neuron1': 16, 'model__neuron2': 8}",0.7609756097560976,0.7365853658536585,0.7745098039215687,0.7573569265104415,0.015692607644280182,100
